卖家,卖家类型,套装名称,卖家原名/来源编号,历史类型/考据名称,历史地域/文化圈,适用年代,风格/检索标签,套装内容,适合表现,搭配/替换建议,甲胄结构/制作方式,复原依据类型,考据置信度,考据备注,参考价格（元）
未标明工作室,小工作室,汉代高级甲士,五虎上将｜黄忠,汉代札甲高级甲士,汉,-0100 / 0150,汉代；札甲；小札片编缀胄；不封顶胄意象；高级甲士,小札片编缀铁胄风味头胄、札/鳞甲式甲身、肩臂防护、甲裙及原配兵器,西汉—东汉高级甲士；汉代高级武人,按高价完整套装保留，不拆头胄或甲身。武器仅在有同工艺层级、更合适的汉代兵器时少量替换。,小札片编缀铁胄风味；小甲片札/鳞甲式甲身；肩臂防护；甲裙,考古实物；学术研究,中高,最强考古锚点偏西汉；整套适合宽泛汉代高级甲士，具体个人归属无直接依据。,
未标明工作室,小工作室,东汉末高级武官,吕布,东汉末小片甲高级武官,东汉末—北方,0150 / 0220,东汉末；高级武官；小片甲；紫金冠；英雄化；风味保留,戏剧化紫金冠及双长羽、细密小甲片甲身、较短肩臂防护、分片甲裙、虎皮/披风装饰及方天画戟式长兵,东汉末高级武官/甲士；吕布题材,按高价完整套装保留，不拆甲身或冠饰。紫金冠作为角色化首服保留；建议将夸张方天画戟替换为同工艺层级的卜字戟/铁戟、长矛/长铍或环首长刀。,细密小甲片甲身；较短肩臂防护；分片甲裙；角色化冠饰/披风,考古实物；学术研究,中,甲身可落在东汉后期—三国早期；紫金冠和方天画戟明显后世英雄化。,
未标明工作室,小工作室,南匈奴贵族骑兵,于夫罗,东汉末南匈奴札甲贵族骑兵,东汉末—南匈奴/北方边疆,0170 / 0220,东汉末；南匈奴；北方边疆；贵族骑兵；毛皮；札甲；风味保留,金属盔、毛皮护耳/护颈与披护、札片/金属甲身、完整肩臂防护、重型甲裙及原配兵器,南匈奴贵族骑兵、单于集团高级武人；于夫罗题材,按高价完整套装保留，不拆甲盔。武器优先复合弓＋箭箙＋刀，或弓＋短矛；如替换，仅用同工艺层级的汉末/内亚方向武器。,金属盔；毛皮包边/护颈意象；札片/金属甲身；肩臂防护；长甲裙,考古实物；史书或制度文献；学术研究,中,汉地甲胄与草原毛皮元素适合汉末南匈奴题材，但不足以证明固定南匈奴甲型或于夫罗本人装备。,
未标明工作室,小工作室,北朝精锐着甲骑士,五虎上将｜马超,十六国至北朝重装骑士,十六国至北朝—北方,0350 / 0600,十六国；北朝；着甲骑士；重装骑兵；小甲片重甲；插羽兜鍪；高级武人,高而收束的分片/铆合铁盔风味兜鍪及插羽座、细密鳞札/札片重甲、实体肩臂防护、长甲裙、兽皮/毛皮披风及原配长兵,约0400—0550北方精锐着甲骑士；贵族/高级武人亲随、将领护卫,按高价完整套装保留，不拆甲盔。原配长兵侧翼过大、武将神器感较强，优先换同工艺层级的简洁长矛/槊风味长兵。羽饰可保留一至两根；若要明确表现“甲骑具装”，应另配同时期具装马。,高收束分片/铆合铁盔风味；盔顶插羽座；细密鳞札/札片重甲；实体肩臂防护；长甲裙；兽皮/毛皮披风,考古实物；墓葬俑像；学术研究,中高,盔体分件、插缨与完整重甲更接近十六国—北朝；兽皮披风仅作艺术化身份元素。,
未标明工作室,小工作室,北朝寄生风味着甲骑士,五虎上将｜赵云,十六国至北朝重装骑士,十六国至北朝—北方,0350 / 0600,十六国；北朝；着甲骑士；重骑兵；寄生意象；翼状附件；风味保留,北朝重甲风味甲盔、完整肩臂与甲裙防护、背后大型翼状/羽束式附件及原配兵器,十六国至北朝精锐着甲骑士；寄生风味重骑题材,按高价完整套装保留，不拆甲盔或翼状附件。若正式展示，建议与同时期具装马组合，使背后附件更容易读作骑兵后方装备意象；武器仅在有同工艺层级、更简洁的长矛/槊时替换。,北朝重甲风味甲盔；完整肩臂与甲裙防护；背后大型翼状/羽束式附件,墓葬俑像；同时代图像或绘画；学术研究,中,北朝“寄生”确有骑兵后背防护功能，但商品改成人仔背装大型羽翼，位置和造型明显艺术化。,
未标明工作室,小工作室,北朝盆领札甲甲士,汉甲系列｜盆领款,北朝带盆领护膊札甲,北朝—北方,0450 / 0600,北朝；盆领；札甲；护膊；插缨兜鍪,插缨兜鍪、盆领、札甲甲身、护膊、甲裙,北朝重装武士；北魏后期—东魏/西魏—北齐/北周甲士,主体建议保留；武器可按具体角色换长矛、槊或刀剑。若以后找到更可靠的北朝兜鍪，可少量替换头部,札甲；盆领；护膊；分片/拼合兜鍪；甲裙,考古实物；墓葬俑像；学术研究,中高,盆领本身西汉已有，但该套完整防护结构和整体视觉更适合魏晋南北朝，尤其北朝中后期。,
未标明工作室,小工作室,龙武军甲士·上色版,龙武军｜白膜上色版,唐直身甲士,唐—长安,0618 / 0907,唐；龙武军；直身甲；双圆护；札片顿项；大型披膊；重装甲士,分瓣兜鍪、札片顿项、双圆护直身甲、大型弧形披膊、腰带附件及原配长柄长刃兵器,唐代重装甲士；739年后龙武军/北衙禁军题材；唐代仪卫甲士,按高价完整套装保留，不拆甲盔。原配长柄长刃可保留作唐代长刀风味；若更换，只换同工艺层级长枪/矛、横刀或弓箭具。,分瓣兜鍪；札片顿项；胸腰裙连续长身甲体；成对圆护；大型弧形披膊；边缘包饰,墓葬俑像；同时代图像或绘画；学术研究,中高,直身甲主要结构表现完整；归入唐代直身甲路线，可用于龙武军题材。与量产版属同一路线，差别主要在精细度和结构信息量。,
未标明工作室,小工作室,吐蕃重装武士,吐蕃甲,吐蕃札甲武士,吐蕃—青藏高原,0700 / 0842,吐蕃；札甲；分瓣盔；圆盾；藏地；重装；风味保留,分瓣式羽饰盔、长札甲、双圆护、编织圆盾、长矛,吐蕃重装武士/甲士,原套可直接保留展示；若追求严格吐蕃复原，优先更换晚期感明显的编织圆盾，并谨慎处理胸前双圆护,札甲主体；分瓣盔；双圆护；长甲；圆盾,传世实物；学术研究,中,甲盔与吐蕃时期札甲技术背景相容；编织圆盾明显偏中晚期，双圆护的吐蕃直接依据不足。,
未标明工作室,小工作室,宋代高级武将,赵云｜白袍可拆,两宋细片甲高级武将,两宋,1100 / 1279,宋代；高级武将；重装；凤翅式兜鍪；深顿项；细片甲；白袍可拆,高顶华丽兜鍪及白色大缨、翼状额侧装饰、深颈护/顿项、细密甲片甲身、多层披膊/肩臂防护、分体甲裙、可拆白袍/披风、腰部附件及原配长兵/刀剑类兵器,宋代高级武将、仪卫武将,按高价完整套装保留，不拆甲盔。历史甲胄展示时可取下白色袍披以突出甲体结构；武器如需更换，只换同工艺层级的宋代长枪/矛、刀剑或弓箭具。,高顶分段兜鍪；翼状额侧装饰；深颈护/顿项；多层披膊；分体肩臂防护；细密甲片身甲；分体甲裙；可拆白袍/披风,墓葬俑像；同时代图像或绘画；兵书；学术研究,中高,卖家“赵云”与汉末甲胄视觉不符，本库重解释为宋代高级武将；白袍不参与甲型判断，盔饰、白缨与金饰明显英雄化。,250
未标明工作室,小工作室,背嵬军重装甲士,背嵬军,南宋细片甲重装甲士,南宋,1127 / 1279,宋代；南宋；背嵬军；高级甲士；重装；凤翅式兜鍪；细片甲；高精度,华丽兜鍪及翼状额侧/护耳装饰、大型盔缨、后颈防护、细片甲身、实体披膊/肩臂防护、多层甲裙、箭箙及原配刀剑类兵器,南宋高级重装甲士；背嵬军/精锐亲军题材,按高价完整套装保留，不拆甲盔。原配刀剑与箭箙可保留；若替换，只换同工艺层级的宋代刀剑、长枪/矛或弓箭具。,圆顶/分段兜鍪；翼状额侧/护耳装饰；盔后护颈；细密甲片甲身；实体披膊；分体肩臂防护；多层甲裙；腰带与附件,墓葬俑像；同时代图像或绘画；兵书；史书或制度文献；学术研究,中高,甲盔适合南宋高级重装甲士；背嵬军作为历史语境使用，翼饰、大盔缨与黑色颈巾带有角色化。,350
未标明工作室,小工作室,蒙元高级武将,忽必烈,蒙古帝国晚期至北元初期蒙古札甲武将,蒙古帝国晚期至北元初期—东部内亚,1250 / 1400,蒙古；元；北元；高级武将；重装；札甲；高顶兜鍪；披膊；甲裙；高精度,高顶分片/铆合兜鍪、白色缨饰、侧后护片/顿项、细密札片甲身、多层披膊/肩臂防护、腰带、前后分体甲裙及附件,蒙古帝国晚期至元/北元初期高级武将、亲军将领；忽必烈题材,按完整套装优先保留，未确认可拆前不建立独立配件条目。若换武器，优先同工艺层级的复合弓＋箭箙、弯刀、长矛/槊等蒙古—元代武器。,高顶分片/铆合兜鍪；顶饰/缨座；侧后护片/顿项；细密札甲；多层披膊；分体肩臂防护；腰带；前后分体甲裙,考古实物；同时代图像或绘画；学术研究；现代综合复原,中高,甲盔适合蒙古帝国晚期—元/北元初期高级武将，以元代为核心；具体个人归属无直接依据，盔饰、白缨与金饰有艺术化。,
未标明工作室,小工作室,朵颜卫蒙古重装甲士,兀良哈朵颜卫,明初兀良哈蒙古札甲重装甲士,明初—兀良哈蒙古,1389 / 1500,明初；兀良哈；朵颜卫；蒙古；重装甲士；高顶兜鍪；面护；札甲；圆盾；弯刀；高精度,高耸圆锥形兜鍪、长缨/后垂顶饰、侧后甲片护颈、金属面护、细密札甲身甲、实体披膊/肩臂防护、腰带、前后甲裙、小型圆盾及弯曲单刃刀,明初兀良哈/朵颜卫蒙古重装甲士；元明之际蒙古系高级武人,完整套装优先保留，未确认可拆前不建立独立配件条目。原配圆盾与弯刀可留；若换武器，优先同工艺层级复合弓＋箭箙、长矛/槊或蒙古式刀剑。,高耸圆锥形兜鍪；后垂顶饰；侧后甲片护颈；金属面护；细密札甲；实体披膊；分体肩臂防护；腰带；前后甲裙；小型圆盾,考古实物；史书或制度文献；学术研究；现代综合复原,中高,朵颜卫始设于1389年；高顶兜鍪、札甲和面护具蒙古—内亚重装语言，胡须式面护、盾纹、顶饰等缺乏朵颜卫直接证据。,
未标明工作室,小工作室,三眼铳手,XP666｜三眼铳手,晚明三眼铳手,明—北方军镇,1530 / 1644,晚明；三眼铳；火器；北方边军,银色兜鍪、镶钉/布面甲风味甲身、三眼铳,晚明北方步骑火器手；辽东/关宁军火器兵,原套可留；武器与甲身均可拆作零件。若强调普通火器手，可减少将领化装饰,镶钉/布面甲意象；兜鍪,考古实物；兵书,中高,三眼铳件本身置信度高；整套甲胄属于晚明北方风味化组合，但时代与地域协调度较好。,
未标明工作室,小工作室,晚明刀骑兵,大明刀将领铁骑＋战旗,晚明着甲骑兵,明,1550 / 1644,晚明；骑兵；圆盾；短刀；着甲,兜鍪、甲身、彩绘兽面圆盾、短刀、战马、战旗,晚明着甲骑兵、骑将,原配短刀＋彩绘兽面圆盾较协调；可按题材换长枪或弓箭。盾面纹样可改涂,圆形盾体,兵书,中高,盾形与短刀概念有文献支持；具体兽面纹和甲胄细节艺术化。,
未标明工作室,小工作室,蓟镇重装甲士,蓟州军,晚明布面镶钉甲重装甲士,明—北方军镇,1560 / 1644,晚明；蓟镇；北方边军；布面甲；镶钉；长枪；重装步兵,尖顶明盔、深护耳/护项、布面镶钉甲、分体肩臂防护、长甲裙、长枪及装饰附件,隆庆—万历以来蓟镇/北方边军重装长枪甲士；精锐步兵,按高价完整套装保留，不拆甲盔。原长枪方向成立；若更换，只换同工艺层级、同时期更精细的长枪/腰刀等，避免廉价零件造成视觉精度断层。,尖顶硬质明盔；深布面护项；布面镶钉甲；分体披膊/臂甲；长甲裙,同时代图像或绘画；兵书；史书或制度文献,中高,不存在“蓟镇专属甲型”；尖顶明盔、深护项、布面镶钉重甲与长枪适合晚明北方边镇，约1570—1600尤具蓟镇辨识度。,
未标明工作室,小工作室,晚明着甲鸟铳手,明军伍长,晚明布面甲鸟铳手,明—北方军镇,1560 / 1644,晚明；鸟铳；基层军士；布面甲；镶钉；帽儿盔,多瓣帽儿盔方向兜鍪、布面镶钉长身甲、护肩/臂甲、护心镜/胸部附件、鸟铳及腰部附件,晚明北方着甲鸟铳手、基层军士/小队长；蓟镇等北方练军体系,完整套装优先保留。鸟铳可直接保留；若换件，只换同档次鸟铳、腰刀或同时期长兵。,多瓣帽儿盔方向；布面镶钉长身甲；分体肩臂防护；长甲裙,兵书；史书或制度文献,中高,着甲鸟铳手适合晚明北方军镇；组织身份与甲型分开记录，帽儿盔瓣数暂不细分。,
未标明工作室,小工作室,水师提督陈璘,水师提督陈璘,晚明高级将领重甲,明—东南,1570 / 1610,晚明；万历；援朝；高级将领；重甲,兜鍪、护颈、细片甲身、护心镜、肩臂防护、甲裙、兵器,陈璘；万历援朝高级将领,主体可保留；武器按水师/将领题材换腰刀、剑、弓或长兵。,细片札/鳞甲式甲身；单护心镜；肩臂与甲裙防护,同时代图像或绘画；现代综合复原,中高,无陈璘本人同年代甲胄实物或可靠肖像可证明具体装束；按晚明高级将领形象收录，不视为水师提督专属制式甲。,
未标明工作室,小工作室,辽东精锐骑射甲士,辽东铁骑,晚明精锐着甲骑射兵,明—北方军镇,1570 / 1620,晚明；万历；辽东；骑射；明甲；鱼鳞状；小甲片；弓箭；精锐骑兵,高顶尖盔、细片/鳞片式护项、外露细密金属甲身、肩臂防护、甲裙、弓、箭箙、腰间兵器及金瓜/锤状长兵器,万历—天启前后的辽东/北方精锐着甲骑射兵、边军骑兵,甲盔与弓箭具整体保留；金瓜可作次选，正式展示更推荐同档次晚明长枪/骑枪，或仅持弓并腰悬刀剑。,尖顶铁盔；细片/鳞片式护项；外露小甲片/鱼鳞状明甲；分体肩臂与甲裙防护,同时代图像或绘画；兵书；史书或制度文献,中高,“辽东铁骑”不是统一制式甲型；外露明甲与弓箭具适合晚明辽东精锐骑兵，并与库内布面甲路线形成差分。,
未标明工作室,小工作室,辽东指挥使,辽东指挥使,晚明布面镶钉甲高级军官,明—北方军镇,1570 / 1630,晚明；辽东；边军；布面甲；镶钉；高级军官,高顶兜鍪、护颈、蓝色镶钉甲、肩臂防护、护心镜、长甲裙、装饰附件,辽东镇高级军官、边将,原套主体保留；武器可配长枪、腰刀、弓箭或火器，按具体身份少量替换,布面/绸面镶钉甲意象；分体肩臂；长甲裙；高顶兜鍪,同时代图像或绘画；史书或制度文献；学术研究,中高,龙纹、金色臂甲与挂饰有明显高级将领化和商品化。,
未标明工作室,小工作室,万历皇帝·《出警图》戎装,万历皇帝,晚明鱼鳞叶明甲戎装,明—宫廷/京师,1580 / 1590,万历；明神宗；出警图；皇帝；鱼鳞叶明甲；长身大甲；宫廷戎装,华丽兜鍪及翼状/凤翘饰、红缨/羽饰、护项、鱼鳞状长身明甲、胸前双龙装饰、金色肩臂防护、甲裙、剑及弓箭附件,明神宗万历帝《出警图》戎装；万历前中期皇帝出行/大驾戎装,原套完整保留，不建议替换甲盔。兵器和弓箭附件应保持《出警图》宫廷戎装语境；如需调整，仅限同工艺层级的小型附件修正。,外露鱼鳞/细甲片式明甲；长身甲衣；华丽肩臂防护；盔后甲片护项；宫廷高级盔饰,考古实物；同时代图像或绘画；学术研究,高,与《出警图》中明神宗戎装高度对应，可作晚明高级明甲视觉基准；不是定陵出土铁甲复原，也不代表万历帝唯一甲式。,
未标明工作室,小工作室,掣电铳手,XP671｜掣电铳手,万历末掣电铳火器手,明,1598 / 1620,万历；掣电铳；新式火器；火绳枪,兜鍪、蓝色甲身、赵士桢式掣电铳风味火器,万历末特定新式火器手,原套可留作少量特色角色；不宜在普通明军中大量复制掣电铳,兜鍪；简化甲身,兵书；学术研究,中高,掣电铳属于万历末特定新式火器，商品有简化。,
未标明工作室,小工作室,关宁军甲士,明关宁军,晚明布面镶钉甲士,明—北方军镇,1620 / 1644,关宁军；辽东；晚明；三眼铳；布面甲；边军,两名甲士、高顶兜鍪、护颈/顿项、镶钉甲、肩臂防护、甲裙、三眼铳等武器,关宁军步骑甲士、辽东边军,甲胄主体保留；三眼铳可直接保留，另一人可按需要换长枪、腰刀、弓箭或鸟铳,布面/镶钉甲意象；高顶兜鍪；长甲裙,考古实物；史书或制度文献,中高,三眼铳与辽东/北方军镇题材相当合适；商品甲胄仍有统一化和装饰化处理。,
未标明工作室,小工作室,多尔衮·清初王公,多尔衮,清初王公镶钉甲,后金至清初—满洲/八旗,1630 / 1660,清初；多尔衮；正白旗；王公；镶钉甲；护心镜；高级八旗甲,华丽王公兜鍪及高顶缨饰、布面/绸面镶钉上衣与下裳、护肩/甲袖、护腋/遮缝结构、护心镜及高级装饰附件,多尔衮题材；皇太极末—顺治初高级满洲王公、旗主/高级将领,原套完整保留，不拆甲盔。白色用于多尔衮/正白旗题材；若改色用于泛清初王公，只作主题变化。换件仅限同档次附件/武器。,上衣下裳式镶钉甲；分体护肩/甲袖/护腋；圆护心镜；华丽铁盔及布面护耳/护颈,传世实物；史书或制度文献,中高,清初高级镶钉甲方向有实物依据；白色适合正白旗题材，但无多尔衮本人甲胄证据，亦不套用1756年后旗色制度。,
未标明工作室,小工作室,索伦甲士,索伦兵,清代八旗镶钉甲士,清—黑龙江/八旗,1700 / 1800,索伦；黑龙江；八旗；镶钉甲；骑射；风味保留,黑色镶钉甲、护颈、肩甲、护心镜、长甲裙、顶戴、兵器,索伦/黑龙江驻防八旗精锐甲士,甲身可保留；原配顶戴用于身份/非战斗展示；战斗造型配清式大型弓、箭箙和腰刀。,镶钉绵/布面甲意象；护颈；肩甲；长甲裙,考古实物；传世实物；学术研究,中,甲身方向可用，原配顶戴更适合身份/非战斗展示；“索伦”非单一甲型，按“中·风味保留”收录。,
未标明工作室,小工作室,清中期八旗中级贵族甲士,八旗旗主,清中期八旗中级贵族镶钉甲,清—八旗,1756 / 1800,八旗；镶钉甲；八色变体；中级贵族；高级旗员；仪仗；大阅；乾隆,华丽八旗盔、镶钉甲衣/甲裙、护肩护臂、护心镜及装饰附件；多旗色变体,乾隆中期八旗中级贵族/高级旗员、仪仗/大阅甲士,原套完整保留；八色按题材选择。,绸/布面镶钉甲意象；上衣下裳；高级装饰；分体护肩/护臂,考古实物；传世实物,中高,1756年后大阅甲有旗色/镶边区分；本套装饰层级更适合中级贵族/高级旗员，龙纹、黄色等高级符号仍需按等级理解。,
Cosmos Brick,精品量产品牌,唐太宗李世民,李世民,唐初两当披裹甲高级武将,唐,0620 / 0650,唐初；两当披裹甲；双圆护；明光甲争议；高级武将；孔雀羽；风味保留,华丽兜鍪/羽饰、双圆护甲身、肩臂防护、甲裙、披风/装饰附件,李世民题材；唐初高级武将,原套可保留作角色展示；若追求更严格历史感，可弱化夸张羽饰与披风，武器优先槊、刀剑,小甲片纹理甲身；成对圆护；披膊；甲裙；装饰性兜鍪,墓葬俑像；同时代图像或绘画,中,双圆护两当披裹甲可作唐初高级武将视觉；李世民本人装束、孔雀羽等缺乏直接证据。,
Cosmos Brick,精品量产品牌,归义军重装甲士,归义军,晚唐至五代两当披裹甲士,晚唐至五代—河西,0850 / 0950,晚唐；归义军；河西；敦煌；两当披裹甲；双圆护；重装甲士,分片兜鍪与札片顿项、双圆护两当披裹甲主体、披膊/肩臂防护、甲裙及原配长兵/刀剑类附件,张氏归义军重装甲士；晚唐河西高级军士；五代早期敦煌唐系甲士,按高价完整套装保留，不拆甲盔。甲盔主体原样保留；原配重型长刃可作唐代长刀风味，若追求更稳可换同工艺层级长枪，或弓箭＋刀剑。,分片兜鍪；札片顿项；双圆护；小甲片纹理甲体；独立披膊/肩臂防护；甲裙,同时代图像或绘画；学术研究；现代综合复原,中高,归义军身份可作为晚唐河西历史语境，但不存在可确认的“归义军专属制式甲”。商品甲盔与晚唐两当披裹甲路线协调。,
Cosmos Brick,精品量产品牌,铁浮图题材·高精度版,铁浮屠｜人＋具装马,金代女真札甲具装重骑,金—女真/东北亚,1100 / 1250,金；女真；铁浮图；重装骑兵；札甲；具装马；圆盾；弯刀；高精度,圆钵/分瓣式兜鍪、深札片顿项、细密札甲、披膊/肩臂防护、长甲裙、圆形骑盾、弯刀及原配兵器、完整具装马,12世纪金代女真精锐重装骑兵；宋人“铁浮图”题材,按高价完整套装保留，不拆人甲或马甲。圆盾与弯刀可直接保留；若换武器，只换同工艺层级的长枪/矛、弓箭或刀剑，不与廉价量产粗模混搭。,圆钵/分瓣铁盔意象；深札片顿项；细密札甲；实体披膊/臂甲；长甲裙；具装马马面、颈胸防护、躯干侧甲与后躯覆盖分区,考古实物；史书或制度文献；学术研究,中高,“铁浮图”不视为固定甲型；人马重装方向协调，盾纹、马面、羽饰与金饰不作金代制式依据。,800
移山工作室,精品量产品牌,魏晋重装甲士,三国魏兵｜男兵套甲＋头盔,魏晋两当甲士,魏晋,0250 / 0350,魏晋；两当甲；铁兜鍪；重装甲士,胸背分体两当甲身、甲裙、同组分片/鳞片式铁兜鍪与护耳；无固定武器,魏晋精良甲士；中高级步兵/护卫,甲盔可直接作为完整组合保留；武器优先环首刀/剑、长矛或戟，盾牌按具体身份另配。,胸背分体甲片面板；肩带联缀；腰束；甲裙；分片/鳞片式铁兜鍪与护耳,墓葬俑像；史书或制度文献；学术研究；现代综合复原,中高,两当甲身与魏晋兜鍪方向协调；具体甲片排列和盔体细节属现代综合复原，不作普通兵统一制式。,
迪库,大众量产品牌,蒙元骑射兵·量产版,36804｜蒙古兵；36803｜同模换色,蒙古帝国至北元初期着甲骑射兵,蒙古帝国至北元初期—东部内亚,1200 / 1400,蒙古；元；北元；骑射；着甲骑兵；复合弓；弯刀；圆盾；低成本,分瓣铁盔、片状护耳/顿项、实体肩甲、印刷甲身、复合弓、箭支/肩背式箭箙组件、弯刀、圆盾,蒙古帝国至元/北元初期一般着甲骑射兵,原套可作为低成本骑射兵基底保留；优先保留头盔与复合弓。以后若有更好的蒙古札甲身，可迁移头盔和弓箭具。,分瓣铁盔；片状侧后防护；实体肩甲,考古实物；史书或制度文献；学术研究,中高,甲身较简化，但头盔、弓箭具与弯刀方向协调；背装箭箙属积木妥协，历史携行按腰悬理解。,9.02
科睿,大众量产品牌,右骁卫甲士,XP715｜右骁卫,唐两当披裹甲士,唐,0620 / 0750,唐；右骁卫；十六卫；宿卫；两当披裹甲；小甲片；长枪；长刀,分片式兜鍪、小甲片纹理甲身、披膊、肩臂防护、甲裙、细长叶形长枪/矛类长兵、超长直刀,初唐—盛唐前期右骁卫/南衙宿卫甲士；一般唐代宿卫重装甲士,主体可留；长枪保留，可搭配大盾。,分片式兜鍪；小甲片纹理甲身；披膊；肩臂防护；长甲裙,史书或制度文献,中高,右骁卫属唐十六卫并参与宫禁宿卫；甲盔归入唐代两当披裹甲路线，原配长兵按长枪/矛类处理。,
科睿,大众量产品牌,旅贲军甲士,XP713｜旅贲军,唐两当披裹甲士,唐,0650 / 0800,唐；旅贲；宿卫；两当披裹甲；小甲片；横刀；盾牌,分片式兜鍪、小甲片纹理甲身、披膊、肩臂防护、甲裙、横刀、六边形盾,东宫旅贲/宿卫甲士；普通唐代持盾甲士,原套可留；横刀和盾优先保留，按具体题材少量替换。,分片式兜鍪；小甲片纹理甲身；披膊；肩臂防护；长甲裙,同时代图像或绘画；史书或制度文献；学术研究,中高,“外府旅贲番上者”确见于唐制，但现有证据不能证明旅贲有商品所示专属甲胄。作为唐代持盾宿卫甲士整体协调度较好。,
科睿,大众量产品牌,神武军甲士,XP714｜神武军,中晚唐两当披裹甲士,唐—长安,0757 / 0900,唐；神武军；北衙禁军；两当披裹甲；小甲片；丩字戟；弓,分片式兜鍪、小甲片纹理甲身、披膊、肩臂防护、甲裙、丩字戟、弓,中晚唐神武军宿卫/甲士；一般唐代禁军甲士,丩字戟与弓均可保留；粗大的羽饰若影响观感可缩短或替换。,分片式兜鍪；小甲片纹理甲身；披膊；肩臂防护；长甲裙,史书或制度文献；学术研究,中高,至德二载（757）复置左右神武军，属北衙禁军体系；套装时代与装备方向协调，金属色/涂装不视为神武军专属甲色。,
未标明品牌,大众量产品牌,龙武军甲士·量产版,大唐龙武军｜原色丩字戟版；银色长枪版,唐直身甲士,唐—长安,0618 / 0907,唐；龙武军；北衙禁军；直身甲；双圆护；高护颈；丩字戟；长枪,分片兜鍪、双圆护高护颈直身甲、披膊；原色丩字戟或银色长枪,唐代重装甲士；739年后龙武军/北衙禁军题材,优先保留原色丩字戟版与银色长枪版，狼牙棒版不保留。若追求更高精度，可直接采用同题材白膜上色成品。,分片兜鍪；成对圆护；胸腰裙连续长身甲体；高护颈；大型弧形披膊,墓葬俑像；同时代图像或绘画；史书或制度文献；学术研究,中高,主体轮廓符合唐直身甲；头盔、披膊、腰带和甲片细节高度简化，可用于龙武军/北衙禁军题材。,12.12
未标明品牌,大众量产品牌,唐陇右甲士,唐陇右军｜头盔长矛版,盛唐两当披裹甲士,唐—陇右/西北,0714 / 0763,唐；陇右；边军；两当披裹甲；小甲片；长枪；西北,头盔版兜鍪、小甲片纹理甲身、披膊/臂甲、甲裙、柳叶中脊长枪,盛唐陇右边军、河陇军镇重装甲士,优先保留头盔＋柳叶中脊长枪组合；刀盾与弩件因比例/细节偏粗，不建议与本套混用；头巾版本仅作替代造型。,分片兜鍪；小甲片纹理甲身；独立披膊/肩臂防护；长甲裙,墓葬俑像；同时代图像或绘画；史书或制度文献；学术研究,中高,陇右节度与军镇题材成立，但不存在可据此确认的“陇右专属甲型”。,9.96
未标明品牌,大众量产品牌,宋代重装弩手,S103｜宋朝量产组｜弩手款,宋代细片甲重装弩兵,两宋,1000 / 1200,宋代；弩兵；重装步兵；细片甲；札鳞未定；风味保留,S103款兜鍪、同组细片甲身、披膊/甲裙、军用弩、原配大型盾,北宋—南宋重装弩兵/甲士,甲盔与军用弩组成重装弩手方案；近身可配腰刀。,细片甲纹理甲身；披膊/肩臂防护；甲裙；兜鍪顿项意象,墓葬俑像；同时代图像或绘画；兵书；学术研究,中,甲盔具宋代装备语言，但兽面、豹纹、金饰英雄化；量产甲型较概括。,
未标明品牌,大众量产品牌,武穆岳飞·凤翅盔版,W1323/4/5 武穆岳飞-黑/银/金甲,宋代凤翅式兜鍪＋细片札甲武将,两宋,1100 / 1200,宋代；南宋；凤翅式兜鍪；武将；札甲；细片札甲；岳飞,同模凤翅式兜鍪、武将甲、披膊/肩臂防护、甲裙；W1323黑甲原配柳叶形单手弯刀＋刀鞘，W1324银甲配鸦项枪，W1325金甲配多曲长刃枪,南宋初期高级武将；岳飞主题人仔,黑甲作代表色；高级将领展示可将原配弯刀换为佩剑。银甲鸦项枪、金甲多曲长刃枪可保留。,细片札甲甲身；披膊/肩臂防护；长甲裙；凤翅式兜鍪,墓葬俑像；同时代图像或绘画；兵书,中高,凤翅式兜鍪具有较强宋代视觉依据，甲身为细片札甲结构；兽面、凤翅和金饰明显英雄化。,
未标明品牌,大众量产品牌,铁浮图题材·量产版,DY313｜铁浮屠＋M134甲马,金代女真札甲具装重骑,金—女真/东北亚,1100 / 1250,金；女真；铁浮图；重装骑兵；札甲；具装马；圆盾；长枪,半球形兜鍪、深札片顿项、长札甲、披膊/肩臂防护、甲裙、小型圆盾、长枪、配套M134具装马,12世纪金代女真精锐重装骑兵；宋人“铁浮图”题材,人物与M134甲马可原样作为完整陈列方案保留；弓箭可作为补充。小圆盾可留，不必再叠加巨锤等多余武器。,半球形铁盔意象；札片护面/顿项；札甲身甲；肩臂防护；长甲裙；具装马,考古实物；史书或制度文献；学术研究,中高,盔体、深札片顿项和完整札甲与12—13世纪女真重装甲士方向协调；但马面、纹饰与金属配色较艺术化。,
未标明品牌,大众量产品牌,清中期八旗兵丁,KT1095｜八旗兵,清中期八旗镶钉绵甲,清—八旗,1756 / 1800,八旗；绵甲；镶钉；八色变体；骑射；乾隆,黑漆八旗盔、一体化甲衣/下裳积木件、弓箭、腰刀等；八旗色变体,乾隆中期八旗兵丁、阅兵/操演甲士,成品优先保留，可作低成本展示；八色作为同一套装族按题材选色。,绸面镶钉绵甲意象；上衣/下裳轮廓；护肩/护臂意象,考古实物；传世实物,中高,胸甲/裙甲一体化属积木妥协；普通八旗兵甲不必配完整臂甲。1756年后旗色/镶边有依据，商品仍属量产概括。,
人仔工厂,精品量产品牌,金代女真重装甲士,铁浮屠斥候,金代女真重装甲士组合,金—女真/东北亚,1100 / 1234,金；女真；重装甲士；铁浮图；硬军；札甲；顿项；击兵,女真风格铁盔/兜鍪、深顿项、重型札甲、披膊/肩臂防护、长甲裙及双持大型击兵,金代女真重装甲士；女真硬军；重装骑兵骑手；铁浮图题材,甲盔主体可保留。双持大型击兵视觉偏夸张，优先将其中一柄替换为同工艺层级的长枪/矛，另一柄保留作副击兵。商品本身不含马；若表现完整重装骑兵，可另配合适的金代/女真具装马。,硬质兜鍪；深顿项；重型札甲主体；披膊/肩臂防护；长甲裙,史书/制度文献；考古/馆藏实物；学术研究,中高,“铁浮图”按宋人对金军重装精锐的称呼理解，不视为固定甲型；卖家“斥候”仅作商品题材，不作为正式兵种判断。,
人仔工厂,精品量产品牌,平教经,平教经,平安末大铠系具足,日本,1150 / 1230,日本；平安末；镰仓；大铠；大袖；弦走韦；源平；高级武士,大袖、大型吹返、多段錣、栴檀板/鸠尾板式胸前部件、弦走韦式彩绘前胸、宽幅草摺、巨大蝶形立物,源平期高级骑射/实战武士；平教经题材,按高价完整套装保留，不拆甲身/兜。巨蝶立物为人物识别件保留；若转实战造型可换同档次、同时代源平武将立物。,大型吹返；多段錣；栴檀板/鸠尾板式胸前部件；弦走韦式彩绘前胸；大袖；宽幅草摺；蝶形立物,传世实物；博物馆藏品；学术研究,中高,人物题材可成立；巨大蝶形立物承担人物识别，无平教经本人甲胄复原依据；与平清盛、源义经同一大铠基础造型族。,480
人仔工厂,精品量产品牌,平清盛,平清盛,平安末大铠系具足,日本,1150 / 1230,日本；平安末；镰仓；大铠；大袖；弦走韦；鍬形式立物；源平；高级武士,大袖、大型吹返、多段錣、古式胸前护板、弦走韦式彩绘前胸、宽幅草摺、鍬形式立物,源平期高级武士/高阶人物；平清盛题材,与平教经、源义经同属一条大铠造型族，按高价完整套装保留，不拆件；收藏主要需考虑与同族重复。,大型吹返；多段錣；古式胸前护板；弦走韦式彩绘前胸；大袖；宽幅草摺；鍬形式立物,传世实物；博物馆藏品；学术研究,中高,无平清盛本人甲胄复原依据；不应因白金涂装显眼而认为甲型优于同族两件，收藏需考虑与平教经、源义经结构重复。,480
人仔工厂,精品量产品牌,源义经,源义经,平安末大铠系具足,日本,1150 / 1230,日本；平安末；镰仓；大铠；大袖；弦走韦；源平；高级武士,大袖、大型吹返、多段錣、古式胸前护板、弦走韦式虎纹彩绘前胸、宽幅草摺,源平期高级武士；源义经题材,按高价完整套装保留，不拆件；甲身、兜与草摺按完整套装保存。,大型吹返；多段錣；古式胸前护板；弦走韦式虎纹彩绘前胸；大袖；宽幅草摺,传世实物；博物馆藏品；学术研究,中高,有大山祇神社传源义经赤丝威铠可对照，但商品明显不是该传承甲直接复原；传义经兜已缺失，不能以传承甲兜为商品兜背书。,480
人仔工厂,精品量产品牌,今川义元,今川义元,战国胴丸系具足,日本,1500 / 1580,日本；战国；胴丸；小札威甲；高级武士；大名,小札威甲甲身、多段錣、袖、胴与分段草摺,战国中期高级武士/大名；今川义元题材,按高价完整套装保留，不拆件；若配武器须为同工艺层级、同时代武士刀或长枪。,小札威甲；多段錣；袖；胴与分段草摺,传世实物；博物馆藏品；学术研究,中高,尚缺清楚右胁闭合特写，胴丸判断保留余量；无今川义元本人传世甲复原依据，人物名不为甲型本身加分。,480
人仔工厂,精品量产品牌,毛利元就,毛利元就,战国传统小札威甲,日本,1500 / 1580,日本；战国；小札威甲；威甲；大名；高级武士,小札/威甲甲身、袖、胴、草摺、大型金色立物,战国中期高级武士/大名；毛利元就题材,按高价完整套装保留，不拆件；人物符号克制，原套可直接作为16世纪高级武士传统威甲使用。,小札/威甲视觉；袖；胴；草摺；大型金色立物,传世实物；博物馆藏品；学术研究,中高,大型金色立物仍属人物化；胴型暂不硬分，避免仅凭正面纹理定型；商品并非官方记录吉甲胄资料的复原。,480
人仔工厂,精品量产品牌,德川家康,德川家康,桃山当世具足（歯朶具足系）,日本,1570 / 1620,日本；安土桃山；当世具足；歯朶具足；黑漆；大名；歯朶前立,黑色具足甲身、獅噛与日轮及歯朶前立、白鬚面部意匠、多段草摺、长柄兵器,安土桃山—江户初高级大名/武将；德川家康,原套保留，不拆甲身/兜；幻想化的巨大多叉长柄兵器建议换同档次、同时代的黒漆长枪或薙刀。,黒漆当世具足；獅噛；日轮与歯朶前立；白鬚意匠；多段草摺,传世实物；博物馆藏品；学术研究,中高,明确对应久能山传家康歯朶具足母题；前立比例放大，原物沉稳黑漆被强化为红金华丽配色，巨大多叉长柄兵器明显幻想化。,480
人仔工厂,精品量产品牌,本多忠胜,本多忠胜,桃山当世具足（二枚胴）,日本,1560 / 1600,日本；安土桃山；当世具足；二枚胴；鹿角脇立；蜻蛉切；武将,黑色鹿角脇立兜、獅噛前立、二枚胴甲身、大型金色数珠、笹叶形大身槍,安土桃山高级武将；本多忠胜,原套保留；蜻蛉切意匠兵器按本人传世母题保留；数珠等附件不拆，不拆甲身/兜。,铁蝶番二枚胴；鹿角脇立兜；獅噛前立；大型金色数珠；笹叶形大身槍,传世实物；博物馆藏品；学术研究,高,兜、胴、数珠均有本人所用完整具足强锚点；鹿角在人仔比例下仍略戏剧化，部分板札和金具被简化，蜻蛉切细部雕刻未必精确。,480
人仔工厂,精品量产品牌,黑田长政,黑田长政,桃山当世具足（桃形大水牛脇立兜）,日本,1570 / 1620,日本；安土桃山；当世具足；桃形兜；大水牛脇立；大名；武将,黑色桃形兜、巨大金色大水牛脇立、圆形金色前立、黑金红晚期具足甲身,桃山大名/高级武将；黑田长政,原套保留，不拆甲身/兜；武器仅在有同工艺层级、同时代件时少量替换。,桃形兜；大水牛脇立；圆形前立；晚期当世具足甲身,传世实物；博物馆藏品；学术研究,中高,兜直接对应长政所用桃形大水牛脇立兜传统，但甲身未证为该兜原配本人胴；不能把本人真兜与另一件五枚胴拼成整套复原；武器不自动认作日本号。,480
人仔工厂,精品量产品牌,福岛正则,福岛正则,桃山当世具足（大水牛脇立兜）,日本,1570 / 1630,日本；安土桃山；当世具足；大水牛脇立；大名；风味保留,高耸兜鉢、金色大水牛脇立、短錣、蓝黑白金威甲、长柄兵器,桃山武将/大名；福岛正则题材,原套保留；与日本号大身槍结构不符的幻想化长柄兵器建议换同档次、同时代长枪/大身槍；与黑田大水牛题材存在收藏重复。,高耸兜鉢；大水牛脇立；短錣；威甲；长柄兵器,传世实物；博物馆藏品；学术研究,中,大水牛兜有与黑田长政交换的传承支持；整套甲身非本人传世复原，人物化明显；长柄兵器与日本号大身槍结构明显不符，幻想化严重。,480
人仔工厂,精品量产品牌,不动明王,不动明王,不动明王意匠当世具足,日本,1560 / 1620,日本；战国末；当世具足；宗教意匠；不动明王；三鈷剑前立；风味保留,筋兜式兜鉢、紧凑錣、黑色硬质板胴、金具/铆钉、小型肩防护、多段草摺、佛像与火焰光背立物、三鈷剑前立,战国末—江户初宗教意匠高级武将；不动明王题材,原套保留；宗教光背立物不与普通战场场景混搭；三鈷剑前立保留。,筋兜式兜鉢；紧凑錣；硬质板胴；金具铆钉；小型肩防护；多段草摺；佛像与火焰光背立物,博物馆藏品；同时代图像或绘画；学术研究,中,大型佛像+火焰光背远超常见战场前立尺度，属历史宗教母题上的现代强化；不作标准当世具足样本；不设“不动明王甲”历史类型。,480
未标明工作室,小工作室,武田信玄,武田信玄（打印）,战国传统威甲具足（法性兜母题）,日本—甲斐,1540 / 1600,日本；甲斐；战国；法性兜；传统威甲；大名；打印,巨大白毛、獅噛式正面、细长金角、宽吹返、红白金传统威甲、大袖、多段草摺,战国中后期甲斐大名；武田信玄,原套保留，不拆件；白毛尺寸有传承实物依据，不作夸张件撤除。,法性兜式白毛立物；獅噛正面；金角；宽吹返；传统威甲；大袖；多段草摺,传世实物；博物馆藏品；学术研究,中高,兜引传諏訪法性兜；白毛尺寸有传承实物依据，不应简单作夸张处理；甲身无证据为原配本人甲，红白金为协调的人物化组合。,230
未标明工作室,小工作室,上杉谦信,上杉谦信（打印）,室町末—战国传统威甲（色々威腹巻）,日本—越后,1500 / 1580,日本；越后；战国；腹巻；色々威；筋兜；饭纲前立；传统威甲；打印,筋兜、饭纲明神骑狐前立、大吹返、色々威小札、袖、多间草摺,战国越后大名/高级武将；上杉谦信,原套保留，不拆件；饭纲前立、色々威甲身按本人传世母题呈现。,筋兜；饭纲明神骑狐前立；大吹返；色々威小札；袖；多间草摺,传世实物；博物馆藏品；学术研究,中高,直接对应上杉神社传色々威腹巻整套母题，仍属“传”层级；积木比例下吹返、袖与前立略放大。,230
未标明工作室,小工作室,伊达政宗,伊达政宗（打印）,桃山黑漆五枚胴具足,日本—奥州,1570 / 1620,日本；奥州；安土桃山；五枚胴；黑漆；筋兜；新月前立；大将；打印,黑色筋兜、细长金色新月前立、蓝/紺色錣、黑色板胴、深色多间草摺、火绳枪,桃山奥州大名/高级武将；伊达政宗,原套保留，不拆件；火绳枪属时代相容附件，可保留或按题材换同档次刀剑/长枪。,黑色筋兜；新月前立；紺色錣；黑色五枚胴方向板胴；多间草摺,传世实物；博物馆藏品；学术研究,中高,最接近伊达政宗本人所用黑漆五枚胴母题；未严格表现五枚胴全部蝶番分片及原物九间六段草摺；火绳枪非本人专属武器证据。,230
未标明工作室,小工作室,丰臣秀吉,丰臣秀吉（打印）,桃山当世具足（马藺后立兜）,日本,1560 / 1620,日本；安土桃山；当世具足；马藺后立；变兜；传统威甲；打印,黑色兜鉢、放射状金色马藺后立、黑红传统威甲、多段草摺、刀剑与军扇,安土桃山高级大名/武将；丰臣秀吉,原套保留；马藺后立尺寸有传承依据，保留；下方甲身为组合性表达，不作本人整甲拆改。,黑色兜鉢；马藺后立；黑红传统威甲；多段草摺,传世实物；博物馆藏品；学术研究,中高,马藺后立兜有秀吉所用传承和馆藏展示依据；下方黑红甲身为组合性表达，非对应同一件本人完整传世甲。,230
未标明工作室,小工作室,织田信长,织田信长（打印）,战国传统胴丸系具足（紺丝威）,日本,1550 / 1620,日本；战国；胴丸；紺丝威；筋兜；鍬形；木瓜前立；打印,黑漆筋兜、金铜鍬形、木瓜前立、紺/蓝系毛引威小札、大袖、传统胴丸甲身、多间草摺、火绳枪/军扇,战国高级武将/大名；织田信长,原套保留，不拆件；火绳枪/军扇属时代相容附件，并非本人甲证据，可按题材保留或同档替换。,黑漆筋兜；金铜鍬形；木瓜前立；紺丝威小札；胴丸式甲身；大袖；多间草摺,传世实物；博物馆藏品；学术研究,中高,对应京都国立博物馆认定重文胴丸（传信长所用、柏原藩传来）；“信长所用”仍属传承归属；蓝色较鲜艳、若干金饰比例有积木化放大。,230
未标明工作室,小工作室,明智光秀,明智光秀（打印）,战国传统威甲（人物化烏帽子形兜）,日本,1560 / 1610,日本；战国；传统威甲；烏帽子形兜；桔梗纹；高级武将；打印；风味保留,高耸乌帽子形/尖顶兜、金色月形与桔梗纹前立、红白蓝绿多色威小札、袖、多段草摺,战国高级武将；明智光秀题材,按高价完整套装保留；兜为现代人物化组合，不按本人装备拆改。,乌帽子形/尖顶兜；月形与桔梗纹前立；多色威小札；袖；多段草摺,博物馆藏品；史书或制度文献；学术研究,中,兜与现有较强传承资料并不吻合；更像把桔梗家纹与战国兜元素组合成的现代人物形象，无本人装备直接锚点。,230
未标明工作室,小工作室,明智光春,明智光春（打印）,桃山南蛮胴具足,日本,1560 / 1620,日本；安土桃山；南蛮胴；当世具足；兔耳形立物；高级武将；打印,黑漆大板胴、兔耳形立物、金色月形前立、蓝色錣、袖、多段草摺,安土桃山早期南蛮胴武将；明智光春题材,原套保留；卖家展示的两个近似版本视为同一商品/同一历史目标的近似版本，不拆开建档。,南蛮胴大板结构；兔耳形立物；月形前立；蓝色錣；袖；多段草摺,博物馆藏品；学术研究,中高,黑白板胴、兔耳与月形直接对应该传世南蛮胴；正面“天”字骷髅、背面富士山及云龙蒔绘等最强细节未表现，属结构母题复原而非精细复制。,230
未标明工作室,小工作室,池田恒兴,池田恒兴（打印）,战国传统威甲（家传画像母题）,日本,1560 / 1610,日本；战国；传统威甲；祖先像母题；家传画像；武将；风味保留；打印,异形/张悬式视觉兜、左右横出构件、额前白色饰带、深绿传统威甲、白色几何胸前罩片、刀剑与军扇,战国后期武将/家传祖先像形象；池田恒兴题材,按高价完整套装保留；按家传祖先像构图保存，不作本人实战甲拆改。,异形/张悬式视觉兜；横出构件；白色胸前罩片；深绿传统威甲,后世家传画像；博物馆藏品；学术研究,中,设计来自池田家祖先像（约1645—1650狩野尚信祖本）；肖像在恒兴故后60余年绘制，不能作同时代实战着装记录；按后世家传图像复原而非本人甲复原。,230
未标明工作室,小工作室,宇喜多秀家,宇喜多秀家（打印）,桃山传统威甲（烏帽子形兜）,日本,1560 / 1620,日本；安土桃山；传统威甲；烏帽子形兜；半月前立；大名；风味保留；打印,银色烏帽子形兜、大型金色半月与圆形中央饰、白黄红系威甲、多段錣与草摺、黄色无袖阵羽织、面具,桃山五大家老级大名/武将；宇喜多秀家题材,按高价完整套装保留；黄色阵羽织与甲身按组合式人物题材展示，不拆件。,乌帽子形兜；半月与圆形饰；威甲；多段錣与草摺；黄色阵羽织,史书或制度文献；博物馆藏品；学术研究,中,兜与黄阵羽织缺乏本人直接锚点；岡山著名烏帽子形兜甲属宇喜多基家传承，不能借给秀家背书；甲型与现有多件传统威甲重复。,230
未标明工作室,小工作室,朝仓义景,朝仓义景（打印）,战国传统小札威甲,日本,1540 / 1600,日本；越前；战国；小札威甲；筋兜；大名；风味保留；打印,黑色筋兜鉢、大型鍬形式与中央龙兽式立物、紫系密威小札、大袖、完整肩臂防护、多段草摺,战国后期越前大名；朝仓义景题材,按高价完整套装保留；巨大立物按人物识别保留，甲身按战国传统威甲保存。,筋兜鉢；鍬形式与龙兽式立物；紫系密威小札；大袖；完整肩臂防护；多段草摺,传世实物；博物馆藏品；学术研究,中,兜鉢基础与传义景黑漆筋兜方向相容，但巨大立物与紫甲为人物化配色；不能据此认证义景本人穿此套；结构主线与今川、毛利、信长等传统威甲重复。,230
未标明工作室,小工作室,足利义昭,足利义昭（打印）,战国传统威甲,日本,1550 / 1590,日本；战国；传统威甲；烏帽子形兜；鍬形式立物；将军；风味保留；打印,高耸乌帽子/尖顶兜、双鍬形式立物、红色密威小札甲、大袖、多段錣与草摺、彩绘韦/边饰,战国末室町幕府将军；足利义昭题材,按高价完整套装保留；高兜、大立物与红甲为将军角色化组合，不拆件。,乌帽子/尖顶兜；双鍬形式立物；红色密威甲；大袖；多段錣与草摺；彩绘韦,同时代图像或绘画；史书或制度文献；学术研究,中,传统威甲在16世纪可成立，但高兜、大金色立物与红甲无传世甲或同时代图像直接对应；为角色化推定，人物证据弱且甲型与更有依据条目重复。,230
