字段/规则,说明
一、核心方法论,
配件判定总流程,先遮蔽商品名、人物/兵种标签，按可见结构归入宽泛结构族；再用A/B级证据核年代/文化，细节足够才细分。原套身份不覆盖零件本体。
商品名与历史名,卖家名只作来源；人物名、军号、题材名不决定甲型或武器类型。显示名称回答“看起来是什么”，历史类型回答“历史上是什么”。
时代、结构与适用年代,时代≠甲型，文化/政权≠单一装备结构。适用年代记录证据支持的合理存在范围；晚期保存实物不能无条件倒推早期。
代表性与存在性,“历史上可成立”不等于“最适合作为代表”。代表性写入“适合表现”；延续、非独占或边缘用途仅必要时写备注。
精细度递进判定,模型能支持到哪一层就判到哪一层；关键比例、连接或独特结构不足时保持宽泛名称。
证据优先级,A＝考古实物/报告、墓葬或同时代图像、馆藏/官方研究；B＝学术论文、专业研究、严谨复原；C＝考据较好的官方游戏立绘；D＝考据型Mod/现代复原；E＝商业图像、影视、卖家宣传。A/B定历史判断，C/D辅助，E仅看造型。
复原依据类型,只记录证据类型：考古实物、传世实物、墓葬俑像、同时代图像或绘画、兵书、史书或制度文献、学术研究、现代综合复原。馆藏地点不另作类型；馆方研究说明归“学术研究”；具名来源仅必要时写备注。
二、字段与收录规则,
来源、卖家类型与显示名称,“卖家”记品牌/工作室；编号、系列和完整卖家名放“卖家原名/来源编号”。“卖家类型”只用大众量产品牌/精品量产品牌/小工作室，按品牌/系列整体定位判断。显示名称按可见形制简洁命名，不塞品牌、编号或人物；时代/文化前缀只在区分同类时保留。
历史类型/考据名称,优先用现代考古、甲胄研究中通行且可理解的结构分类。稳定器物主名能独立成立时不加朝代前缀，年代/地域交给对应字段。已有成熟分类不造近义名；古籍名对应不稳时放标签/备注。套装名称用于收藏识别，历史类型用于装备分类。
历史地域/文化圈,以“时代/政权/文化层—地域/文化圈”为主，无筛选意义不加泛地域。宽泛中国条目可写汉、魏晋、唐、两宋、明等；地域确有意义再加—北方、—长安、—河西等。“中原/汉地”仅有分析意义时用。时代跨度用“至”，破折号只分隔时代与地域。
风格/检索标签,标签原子化并以“；”分隔，同一概念固定一种写法。独立配件不保留仅来自原套人物、军号或兵种的标签；解释性“××语境”原则上不作标签。操作类固定用“低成本；高精度；跨套复用；模块化；风味保留”等。
普通完整套装处理,普通完整套装以整套购买/使用为基本单位，可少量替换；有独立历史判断和复用价值的头盔、甲身、武器、盾牌、弓箭具、马具仍可进配件索引。用户明确“可以拆”时再按零件矿评价。
高价完整套装处理,上色成品（约200+）与高价工作室套装（约500+）默认只按完整套装评价，不拆件建配件；可少量更换同时期同类附件，但需兼顾历史合理性与整体工艺。用户明确“一点不能换”时完全按原套评价。
套装收录与风味保留,高/中高＝正式收录；中＝仅在题材稀缺、文化辨识度强且问题可限定时作“风味保留”，置信度仍填“中”，标签写“风味保留”，备注简述限制；中低/低原则上不收录。
考据置信度,配件置信度衡量“历史类型＋年代/文化范围”的可靠度，受形制信息量限制；套装置信度衡量整套年代、文化与装备组合的协调度。高＝清楚；中高＝大方向稳；中＝需限定但可用；中低/低＝证据或结构不足。售价、涂装、雕花不提高置信度。
同模/换色,同模、换色、跨系列重复出现的零件或套装原则上不重复建档，只补充来源；没有证据时不写“翻模”，只能写“疑似同模/高度近似/同一造型族”。
套装内容 / 适合表现,“套装内容”只写商品里有什么；“适合表现”只写最适合的兵种、身份或视觉层级。本人复原、专属制服等限制写考据备注；换件要求写搭配建议。
搭配/替换建议,只写怎样保留、替换或重组更合理；高价成品还要兼顾比例、涂装与整体工艺。身份是否专属、制度是否成立、商品名是否误导等历史解释放考据备注。
结构/制作方式字段,记录模型本体可观察的结构、覆盖、连接与制作特征，不承担角色或年代说明；不可见材料和内部工艺不写入此列。
考据备注,只记录真正影响历史解释的内容：厂商命名错误、年代/文化错配、艺术化、身份/纹章/礼仪限制、代表性问题、模型结构妥协等；不重复历史类型、“适合表现”和搭配建议。高信息量备注不强行统一字数。
适用年代格式,统一写作“起始 / 终止”，年份补足四位，例如 -0050 / 0050、0450 / 0600、1750 / 1800；公元前年份用负数。
参考价格,只记录用户明确提供或确认的价格；空白不解释为免费，也不自行补猜价格。
三、甲胄史核查导航,
视觉初筛的用途,本节以机核《中国甲胄发展史》三篇作现代分类与时代导航，只用于陌生、错标或幻想化商品初筛。顺序：可见结构 → 导航定位 → A/B级材料核查 → 回到商品判断。图示演变不作为单条历史结论。
先秦—秦汉,优先观察单片甲、侧襟札甲、筩袖/短袖式甲身等路线；遇到“汉甲”商品，头盔、甲身、盾牌、武器仍分别断代，不把整套锁死在同一时期。
魏晋—南北朝—隋,筩袖/夹克式札甲继续发展，两当甲及其披裹化路线成为重要结构。双圆护先记为可见部件，不直接等同“明光甲”；文献“明光甲”与圆护型甲胄须另证。
唐—五代—宋辽夏金,两当披裹、直身甲等整体结构与札/鳞等甲片组织应分层判断，可同代并存；不以单一“唐甲/宋甲”模板判断。宋、辽、西夏、金须作为同一时间层的不同文化路线分别核对。
元—明—清,锁甲、布面铁甲/镶钉体系、罩甲等路线增多，并与札甲、鳞甲并存。明代不能简单等同“布面甲”；清初与晚明有技术连续性，清中后期再结合八旗、大阅与身份判断。
其他文化路线,三篇导航主要服务中国甲胄史初筛；吐蕃/藏地、蒙古/内亚、朝鲜、日本等须另查本文化A/B级材料。可比较技术交流，但不为统一术语强套中国内地甲胄分类。
甲胄史导航（上）,https://www.gcores.com/articles/163234
甲胄史导航（中）,https://www.gcores.com/articles/163650
甲胄史导航（下）,https://www.gcores.com/articles/164042
四、武器术语规范,
武器形制判定,先按器首、装柄方式和工作部判断；商品名、人物名和兵种身份不得替代形制判断。具体术语边界见下列规则。
武器术语边界,刀剑按单双刃、直曲、锋形、刃宽、格/镡、柄长与柄首判断；“横刀、手刀、腰刀、长刀”等不默认对应单一形制，现代形制名须有可见结构支持，环首也不等于“环首刀”。长柄刀另看刃形、曲率、刃宽与装柄，不强定陌刀、斩马刀等兵名。
矛—枪—槊,枪、矛、槊/矟在不同时代名称有重叠，槊/矟常见长矛义但非稳定单一形制；不得仅凭器首、杆长或骑兵用途强定槊。鸦项、锥枪、笔枪等兵书名须有关键结构对应；笔枪须见刃下独立有刃铁盘/刃挡。
铍—铩—剑,铍以剑形双刃长锋装长柲为基本结构，战国秦汉兼见铤装、銎装；剑为手持柄制，不接长柲。独立镡可支持铩判断，但不能单独定型；须结合整体长锋、装柄与A/B级证据。古籍对铩另有长刃矛等解释，证据不足时不细分。
戟—斧钺—钺戟,先秦狭义戟以戈、矛联装或合体为核心，横枝属戈援系统；斧、钺属横向劈斫体系。卜字、丩字可作现代形态描述；“钺戟”按现代考古形制定名，用于钺/斧形横刃＋独立纵刺锋的复合器首。
其他复合/击兵,叉以多股叉首为核心；镋以独立正锋＋左右横股为核心；锏为无刃多棱刚性击兵；锤以质量集中于独立锤首为特征；流星锤为锤首＋柔性绳/链。棒、钩、抓、拐等宽泛名称须结合时代和结构继续下分。
同类武器形制差分,同属枪矛类时，只要器首轮廓、脊线、肩部、銎/铤等结构差异明显，且A/B级证据支持同代存在多种形制，即可分别建档；不因名称相同强行合并，也不凭外观差异硬套文献制度名。
盾牌,盾牌默认用现代结构名。古籍“彭排、旁牌、膝排、团排”等只有在现代研究形成稳定类型且模型关键结构对应时才进入历史类型，否则放备注。钩镶、藤牌等成熟专名可直接用；纹样与色彩无直接依据时不作制式判断。
五、已确认专题结论,
八旗甲,清代八旗甲区分普通兵丁镶钉绵甲、较高级/大阅风味甲与皇帝级大阅甲。历史实物常为上衣、下裳、护肩/护腋等分体结构；积木一体化只属可玩性限制。八旗换色不等于“八个旗主各有对应颜色制服”。
明代火器,三眼铳、鸟铳、掣电铳分别建档。掣电铳按万历末赵士桢研制并进呈的特定新式火器处理，不自动视为广泛列装；球形投掷火器只作表现件，不建立近代欧洲式“掷弹兵”概念。
六、工作簿维护,
表格格式,前三表使用 Excel Table（TableStyleMedium2），仅覆盖实际数据行；置信度条件格式只作用于真实置信度列：高/中高绿，中/中低黄，低红。空白区不大面积填色；字段、合并范围和实体数据以当前工作簿为准，版本号只按用户要求调整。
当前批次,配件索引72条；套装索引40条；快速搭配48条。新增金代女真毛缘铁盔（中）；新增金代女真重装甲士套装（中高）；现有金代女真重装骑兵快速搭配增加高精度完整套装方案；完颜宗弼战马不收录。
