卖家,卖家类型,配件名称,类别,卖家原名/来源编号,历史类型/考据名称,历史地域/文化圈,适用年代,风格/检索标签,推荐搭配,考据置信度,考据备注
龙牌,小工作室,封闭盔,头盔,MEDIEVAL 01｜ENCLOSED HELM,早期封闭盔,西欧,1200-1250,十字军；封闭盔,锁甲、罩袍、筝形/早期熨斗盾,高,向巨盔过渡的早期封闭式头盔。
龙牌,小工作室,桶盔,头盔,MEDIEVAL 02｜GREAT HELM,巨盔,西欧,1250-1350,十字军；巨盔,锁甲、罩袍、骑枪、熨斗盾,高,
龙牌,小工作室,鸟嘴武装盔,头盔,MEDIEVAL 03｜ARMET,武装盔,北意大利（米兰、伦巴第）,1440-1510,米兰式；全身板甲,米兰式甲、骑枪、长剑,高,
龙牌,小工作室,新诺曼盔 #1,头盔,MEDIEVAL 04｜NEW NORMAN HELM #1,锥形鼻护盔,诺曼—西欧,1000-1150,锁甲,长锁甲、筝形盾、长矛,高,可做11世纪诺曼/英格兰征服时期。
龙牌,小工作室,新诺曼盔 #2,头盔,MEDIEVAL 05｜NEW NORMAN HELM #2,锥形鼻护盔变体,诺曼—西欧,1000-1150,锁甲,长锁甲、筝形盾、长矛,高,
龙牌,小工作室,新诺曼盔 #3,头盔,MEDIEVAL 06｜NEW NORMAN HELM #3,锥形鼻护盔变体,诺曼—西欧,1000-1150,锁甲,长锁甲、筝形盾、长矛,高,带护颈视觉更重。
龙牌,小工作室,猪盆盔,头盔,MEDIEVAL 07｜BASCINET,盆盔,西欧—中欧,1300-1400,盆盔,锁甲护颈、coat-of-plates/过渡板甲,高,14世纪骑士常用。
龙牌,小工作室,新猪盆盔,头盔,MEDIEVAL 08｜NEW BASCINET,盆盔＋锁甲护颈,西欧—中欧,1330-1420,锁甲护颈,过渡板甲、长剑、骑枪,高,可直接表现带锁甲护颈的盆盔。
龙牌,小工作室,德式猎犬盔,头盔,MEDIEVAL 09｜HOUNSKULL KLAPPVISOR,犬嘴盆盔,德意志—中欧,1370-1420,犬嘴盆盔,过渡板甲、锁甲护颈、骑枪,高,年代辨识度很强。
龙牌,小工作室,护鼻中盔,头盔,MEDIEVAL 10｜BRETACHE BASCINET,带护鼻盆盔,法国—西欧,1320-1380,盆盔；护鼻,锁甲、早期板件、圆盾/小盾,中,
龙牌,小工作室,巴布特盔 #2,头盔,MEDIEVAL 11｜BARBUTE HELMET #2,巴布特盔,意大利,1450-1500,佣兵；步战,意大利板甲、布面甲、长矛/弩,高,
龙牌,小工作室,巴布特盔 #3,头盔,MEDIEVAL 12｜BARBUTE HELMET #3,巴布特盔,意大利,1450-1500,佣兵；步战,意大利板甲、布面甲、长矛/弩,高,开放面版本。
龙牌,小工作室,鳞甲盔,头盔,MEDIEVAL 13｜SCALE HELM,鳞片护头,欧亚多地区,1100-1500,鳞甲；混合型,札甲/鳞甲身体、圆盾,低,更像通用鳞片护头概念件，不宜精确指向单一文化。
龙牌,小工作室,新锁甲盔,头盔,MEDIEVAL 14｜NEW CHAINMAIL,锁甲兜帽,西欧,1100-1350,十字军；锁甲；诺曼后期,锁甲衫、巨盔可叠戴、罩袍,高,
龙牌,小工作室,鳞甲锅盔,头盔,MEDIEVAL 15｜KETTLE HELM(SCALE),锅盔＋鳞片护颈,欧洲,1300-1500,锅盔；鳞片护颈；步兵,步兵甲、长柄武器、弩,中,组合方式更偏造型化。
龙牌,小工作室,锅盔1,头盔,MEDIEVAL 16｜KETTLE HELM #1,锅盔,西欧—中欧,1250-1500,锅盔；步兵；民兵,锁甲、布面甲、长矛/弩,高,通用度极高。
龙牌,小工作室,锅盔2,头盔,MEDIEVAL 17｜KETTLE HELM #2,锅盔,西欧—中欧,1250-1500,锅盔；步兵；民兵,锁甲、布面甲、长矛/弩,高,通用度极高。
龙牌,小工作室,锅盔3,头盔,MEDIEVAL 18｜KETTLE HELM #3,锅盔,西欧—中欧,1250-1500,锅盔；步兵；民兵,锁甲、布面甲、长矛/弩,高,通用度极高。
龙牌,小工作室,维京盔1,头盔,MEDIEVAL 19｜VIKING HELM #1,Gjermundbu-type 眼镜盔,斯堪的纳维亚,0900-1050,眼镜盔,锁甲、圆盾、斧/矛,高,
龙牌,小工作室,维京盔2,头盔,MEDIEVAL 20｜VIKING HELM #2,Gjermundbu-type 眼镜盔＋锁甲,斯堪的纳维亚,0900-1050,眼镜盔,锁甲、圆盾、斧/矛,高,更重装的诺斯精英。
龙牌,小工作室,夏尔盔,头盔,MEDIEVAL 21｜SALLET,萨莱特盔,德意志—中欧,1450-1510,高哥特式；萨莱特盔,哥特式板甲、护颏、poleaxe,高,
龙牌,小工作室,英式封闭盔,头盔,MEDIEVAL 22｜ENGLISH CLOSE HELM,封闭盔,英格兰—西欧,1510-1550,封闭盔,早期格林尼治/文艺复兴板甲,高,已进入16世纪早期。
龙牌,小工作室,平顶盔,头盔,MEDIEVAL 23｜FLAT TOP HELMET,平顶巨盔,西欧,1200-1300,十字军；早期大盔,锁甲、罩袍、骑枪,中,
龙牌,小工作室,T型鼻盔,头盔,MEDIEVAL 24｜T NASAL HELMET,T形鼻护盔,北欧—东欧,0950-1150,鼻护,锁甲、圆盾、长矛,中,可作为罗斯/北欧混合搭配件。
龙牌,小工作室,波兰盔,头盔,MEDIEVAL 25｜POLISH HELMET,Szyszak-type 头盔,波兰—匈牙利,1550-1650,翼骑兵,翼骑兵胸甲、长骑枪、马刀,中,经典翼骑兵时代已非中世纪。
龙牌,小工作室,斯波莱托面具,头盔,MEDIEVAL 26｜SPOLETO MASK,Spoleto-style 面具盔部件,意大利中部—伦巴第—拜占庭边界,0500-0700,面具,分片盔、鳞甲/锁甲,低,年代与具体原型建议后续再核对。
龙牌,小工作室,衬盔,头盔附件,MEDIEVAL 27｜PADDED HELMET LINER,头盔内衬,欧洲,1000-1500,内衬；软甲；通用,几乎所有重型头盔内搭,高,功能件，适配范围很广。
龙牌,小工作室,猪盆盔2.0#1,头盔,MEDIEVAL 28｜BASCINET 2.0 #1,盆盔变体,西欧—中欧,1330-1420,盆盔,过渡板甲、锁甲护颈,高,
龙牌,小工作室,猪盆盔2.0#2,头盔,MEDIEVAL 29｜BASCINET 2.0 #2,盆盔变体,西欧—中欧,1330-1420,盆盔,过渡板甲、锁甲护颈,高,
龙牌,小工作室,猪盆盔2.0,头盔,MEDIEVAL 30｜BASCINET 2.0,盆盔变体,西欧—中欧,1330-1420,盆盔,过渡板甲、锁甲护颈,中,目录编号后缀在图片中较不清。
龙牌,小工作室,猪盆盔3.0#1,头盔,MEDIEVAL 31｜BASCINET 3.0 #1,盆盔变体,西欧—中欧,1330-1420,盆盔,过渡板甲、锁甲护颈,高,
龙牌,小工作室,猪盆盔3.0#2,头盔,MEDIEVAL 32｜BASCINET 3.0 #2,盆盔变体,西欧—中欧,1330-1420,盆盔,过渡板甲、锁甲护颈,高,
龙牌,小工作室,猪盆盔3.0,头盔,MEDIEVAL 33｜BASCINET 3.0,盆盔变体,西欧—中欧,1330-1420,盆盔,过渡板甲、锁甲护颈,中,目录后缀在图片中较不清。
龙牌,小工作室,猪盆盔3.0#4,头盔,MEDIEVAL 34｜BASCINET 3.0 #4,盆盔变体,西欧—中欧,1330-1420,盆盔,过渡板甲、锁甲护颈,高,
龙牌,小工作室,猪盆盔,头盔,MEDIEVAL 35｜KLAPPVISOR,Klappvisor 盆盔,德意志—中欧,1350-1420,Klappvisor,过渡板甲、锁甲护颈,高,
龙牌,小工作室,巨大盔,头盔,MEDIEVAL 36｜GRAND BASCINET,大盆盔,西欧,1400-1450,大盆盔,步战/比赛过渡甲、重板甲,高,
龙牌,小工作室,锅盔2.0#1,头盔,MEDIEVAL 37｜KETTLE HELM 2.0 #1,锅盔变体,欧洲,1300-1500,锅盔；步兵,布面甲、锁甲、长柄武器,高,
龙牌,小工作室,锅盔2.0#2,头盔,MEDIEVAL 38｜KETTLE HELM 2.0 #2,锅盔变体,欧洲,1300-1500,锅盔；步兵,布面甲、锁甲、长柄武器,高,
龙牌,小工作室,锅盔2.0#3,头盔,MEDIEVAL 39｜KETTLE HELM 2.0 #3,锅盔变体,欧洲,1300-1500,锅盔；步兵,布面甲、锁甲、长柄武器,高,
龙牌,小工作室,中世纪头盔#1,头盔,MEDIEVAL 40｜MEDIEVAL HELM #1,锁甲兜帽,西欧,1100-1300,十字军；锁甲；步兵,锁甲衫、罩袍,中,
龙牌,小工作室,中世纪头盔#2,头盔,MEDIEVAL 41｜MEDIEVAL HELM #2,早期锥盔／圆盔＋锁甲,西欧—北欧,1000-1200,锁甲；鼻护,锁甲、圆盾/筝形盾,中,
龙牌,小工作室,中世纪头盔#3,头盔,MEDIEVAL 42｜MEDIEVAL HELM #3,战帽变体,西欧—中欧,1400-1500,战帽；步兵,布面甲、长柄武器,低,造型较特别，暂作战帽类。
龙牌,小工作室,桶盔2.0#1,头盔,MEDIEVAL 43｜GREAT HELM 2.0 #1,巨盔变体,西欧,1250-1350,十字军；巨盔,锁甲、罩袍、骑枪,高,
龙牌,小工作室,桶盔2.0#2,头盔,MEDIEVAL 44｜GREAT HELM 2.0 #2,巨盔变体,西欧,1250-1350,十字军；巨盔,锁甲、罩袍、骑枪,高,
龙牌,小工作室,十字军头盔1.0#1,头盔,MEDIEVAL 45｜CRUSADER HELM 1.0 #1,十字军风格头盔,西欧—十字军国家,1180-1300,十字军；锁甲,锁甲、罩袍、盾,中,有一定艺术化。
龙牌,小工作室,十字军头盔1.0#2,头盔,MEDIEVAL 46｜CRUSADER HELM 1.0 #2,十字军风格头盔,西欧—十字军国家,1180-1300,十字军；锁甲,锁甲、罩袍、盾,中,
龙牌,小工作室,十字军头盔1.0#3,头盔,MEDIEVAL 47｜CRUSADER HELM 1.0 #3,十字军风格头盔,西欧—十字军国家,1180-1300,十字军；锁甲,锁甲、罩袍、盾,中,
龙牌,小工作室,十字军头盔1.0#4,头盔,MEDIEVAL 48｜CRUSADER HELM 1.0 #4,十字军风格头盔,西欧—十字军国家,1180-1300,十字军；锁甲,锁甲、罩袍、盾,中,
龙牌,小工作室,十字军头盔2.0#1,头盔,MEDIEVAL 49｜CRUSADER HELM 2.0 #1,十字军风格头盔,西欧—十字军国家,1200-1350,十字军；巨盔,锁甲、罩袍、盾,中,
龙牌,小工作室,十字军头盔2.0#2,头盔,MEDIEVAL 50｜CRUSADER HELM 2.0 #2,十字军风格头盔,西欧—十字军国家,1200-1350,十字军；巨盔,锁甲、罩袍、盾,中,
龙牌,小工作室,十字军头盔2.0#3,头盔,MEDIEVAL 51｜CRUSADER HELM 2.0 #3,十字军风格头盔,西欧—十字军国家,1200-1350,十字军；巨盔,锁甲、罩袍、盾,中,
龙牌,小工作室,十字军头盔2.0#4,头盔,MEDIEVAL 52｜CRUSADER HELM 2.0 #4,十字军风格头盔,西欧—十字军国家,1200-1350,十字军；巨盔,锁甲、罩袍、盾,中,
龙牌,小工作室,穆斯林头盔1,头盔,THE MIDDLE EAST 01｜MUSLIM HELM #1,西亚穹顶盔,西亚—伊朗—叙利亚—埃及,1200-1500,穆斯林；混合型,锁甲、圆盾、长矛/复合弓,中,轮廓混合，宜作为泛西亚重骑兵用。
龙牌,小工作室,穆斯林头盔2,头盔,THE MIDDLE EAST 02｜MUSLIM HELM #2,西亚穹顶盔,西亚—伊朗—叙利亚—埃及,1200-1500,穆斯林；混合型,锁甲、圆盾、长矛/复合弓,中,轮廓混合，宜作为泛西亚重骑兵用。
龙牌,小工作室,穆斯林头盔3,头盔,THE MIDDLE EAST 03｜MUSLIM HELM #3,锥形／分片式头盔＋护颈,西亚—伊朗—叙利亚—埃及,1100-1400,穆斯林；混合型,锁甲、圆盾、长矛/复合弓,中,可搭阿尤布、早期马穆鲁克或波斯风。
龙牌,小工作室,穆斯林头盔4,头盔,THE MIDDLE EAST 04｜MUSLIM HELM #4,锥形盔＋锁甲护颈,西亚—伊朗—叙利亚—埃及,1100-1400,穆斯林；混合型,锁甲、圆盾、长矛/复合弓,中,可搭阿尤布、早期马穆鲁克或波斯风。
龙牌,小工作室,库曼头盔1,头盔,THE CUMAN 01｜COMAN HELMET #1,库曼—钦察精英面具盔,黑海—里海草原（库曼、钦察）,1100-1300,骑兵,库曼甲、复合弓、长枪、小圆盾,中,适合贵族/精英，面具盔不宜全军普及。
龙牌,小工作室,库曼头盔2,头盔,THE CUMAN 02｜COMAN HELMET #2,库曼—钦察锥形草原盔,黑海—里海草原（库曼、钦察）,1100-1300,骑兵,库曼甲、复合弓、长枪、小圆盾,高,可搭锁甲/札甲、复合弓、长枪。
龙牌,小工作室,库曼头盔3,头盔,THE CUMAN 03｜COMAN HELMET #3,库曼—钦察锥形草原盔,黑海—里海草原（库曼、钦察）,1100-1300,骑兵,库曼甲、复合弓、长枪、小圆盾；亦可用于晚期东罗马—巴尔干混合形象,高,同模也出现在龙牌东罗马套装；按草原—东欧—巴尔干接触圈的跨文化件理解，不另建重复条目。
龙牌,小工作室,库曼头盔4,头盔,THE CUMAN 04｜COMAN HELMET #4,库曼—钦察锥形草原盔,黑海—里海草原（库曼、钦察）,1100-1300,骑兵,库曼甲、复合弓、长枪、小圆盾,高,可搭锁甲/札甲、复合弓、长枪。
龙牌,小工作室,库曼头盔5,头盔,THE CUMAN 05｜COMAN HELMET #5,库曼—钦察锥形草原盔,黑海—里海草原（库曼、钦察）,1100-1300,骑兵,库曼甲、复合弓、长枪、小圆盾,高,可搭锁甲/札甲、复合弓、长枪。
龙牌,小工作室,板甲&甲裙,甲身,ARMOR 04｜PLATE ARMOR & ARMOR SKIRT,过渡型板甲胸身＋甲裙,西欧—中欧,1350-1450,过渡板甲,盆盔/Grand 盆盔,中,适合填补14世纪末到15世纪初身体防具断层；新实拍确认同一商品含光面/铆钉分片胸甲及锁甲裙/板甲裙，并有不同金属色版本，颜色不另建条目。
龙牌,小工作室,黑鹰甲,甲身,ARMOR 05｜BLACK FALCON ARMOR,幻想城堡风板甲,幻想—积木城堡,0000-0000,城堡；幻想,奇幻骑士,,商品本身明显偏积木城堡/幻想审美。
龙牌,小工作室,板甲罩衣,甲身,ARMOR 06｜PLATE ARMOR WITH TABARD,板甲＋罩衣,西欧,1400-1500,板甲；罩衣；纹章,萨莱特盔/武装盔/各式15世纪盔,中,具体甲型较泛化。
龙牌,小工作室,链甲带肩甲,甲身,ARMOR 07｜CHAIN MAIL ARMOR AND SPAULDER,锁甲＋肩部加强,西欧,1100-1400,十字军；锁甲；早期骑士,巨盔/盆盔/诺曼盔,中,通用度很高。
龙牌,小工作室,金属护颈#2,颈部防具,ARMOR 08｜AVENTAIL #2,锁甲护颈,西欧—中欧,1300-1430,锁甲护颈；盆盔,盆盔、犬嘴盆盔,高,盆盔系统关键件。
龙牌,小工作室,锁甲护颈1.0,颈部防具,ARMOR 09｜NECK ARMOR 1.0,锁甲颈圈,欧洲,1300-1500,锁甲；护颈,盆盔/开放盔,中,
龙牌,小工作室,库曼甲,甲身,ARMOR 10｜COMAN ARMOR,库曼—钦察札甲—锁甲混合甲,黑海—里海草原,1100-1300,札甲,THE CUMAN 01–05、复合弓、长枪,中高,
龙牌,小工作室,盔甲脖套2.0 #1,颈部防具,ARMOR 11｜NECK ARMOR 2.0 #1,锁甲颈圈,欧洲,1300-1500,锁甲；颈甲,盆盔/开放盔,中,
龙牌,小工作室,盔甲脖套2.0 #2,颈部防具,ARMOR 12｜NECK ARMOR 2.0 #2,鳞片／札片颈圈（混合型）,欧亚多地区,1200-1500,鳞甲；混合型,草原/拜占庭/西亚借件,低,不宜强行定为单一文化。
龙牌,小工作室,盔甲脖套2.0 #3,颈部防具,ARMOR 13｜NECK ARMOR 2.0 #3,装饰性软领/围领,欧洲,1500-1700,装饰,近世人仔/礼仪化造型,低,看起来更像装饰领而非实战甲件。
龙牌,小工作室,盔甲脖套2.0 #4,颈部防具,ARMOR 14｜NECK ARMOR 2.0 #4,锁甲颈圈＋圆护片,西欧—中欧,1400-1500,锁甲；圆护片；板甲,15世纪板甲,中高,
龙牌,小工作室,盔甲脖套2.0 #5,颈部防具,ARMOR 15｜NECK ARMOR 2.0 #5,锁甲颈圈,欧洲,1300-1500,锁甲；颈甲,盆盔/开放盔,中,
龙牌,小工作室,盔甲脖套2.0 #6,颈部防具,ARMOR 16｜NECK ARMOR 2.0 #6,锁甲颈圈＋小肩板,西欧—中欧,1400-1530,锁甲；肩板；板甲,15世纪板甲,中,
龙牌,小工作室,罩袍皮带,服装/附件,ARMOR 17｜SURCOAT & BELT,罩袍＋腰带,西欧,1150-1400,十字军；罩袍；纹章,锁甲、巨盔、盆盔早期,高,目录有20+纹章样式。
龙牌,小工作室,肩甲2.0,肩甲,ARMOR 18｜SHOULDER ARMOR 2.0,肩甲,西欧—中欧,1400-1530,板甲；肩甲,15世纪板甲、过渡甲,中,目录显示4种样式。
龙牌,小工作室,手臂甲1.0,臂甲,ARMOR 19｜ARM ARMOR 1.0,板质臂甲,西欧—中欧,1400-1530,板甲；臂甲,15世纪板甲、poleaxe,高,
龙牌,小工作室,短武器1,武器,WEAPON 01/1｜SHORT WEAPON 1,战锤,西欧—中欧,1300-1600,战锤；近战,板甲骑士/步战,中,
龙牌,小工作室,短武器2,武器,WEAPON 01/2｜SHORT WEAPON 2,Falchion 类弯刃短刀,西欧,1200-1500,弯刃；步兵,十字军/中世纪步兵,中,
龙牌,小工作室,短武器3,武器,WEAPON 01/3｜SHORT WEAPON 3,Messer／Falchion 类单刃短刀,中欧—西欧,1300-1530,单刃；Messer,德意志步兵/佣兵,中,
龙牌,小工作室,短武器2.0-1,武器,WEAPON 02/1｜SHORT WEAPON 2.0 1,弯刀／马刀类,东欧—西亚,1300-1700,马刀,库曼/匈牙利/西亚骑兵,中,
龙牌,小工作室,短武器2.0-2,武器,WEAPON 02/2｜SHORT WEAPON 2.0 2,钉头锤,欧洲,1200-1600,钉头锤；骑兵,骑士/重步兵,中,
龙牌,小工作室,短武器2.0-3,武器,WEAPON 02/3｜SHORT WEAPON 2.0 3,链枷式武器,欧洲,1300-1600,链枷,奇幻/晚中世纪造型,低,历史实战普及度常被流行文化夸大。
龙牌,小工作室,短武器2.0-4,武器,WEAPON 02/4｜SHORT WEAPON 2.0 4,短柄战锤／bec de corbin 式武器,西欧—中欧,1400-1600,战锤；板甲时代,板甲骑士,中高,
龙牌,小工作室,长剑1,武器,WEAPON 03/1｜LONG SWORD 1,长剑,西欧—中欧,1300-1600,长剑；骑士,盆盔/哥特式/马克西米利安式,高,
龙牌,小工作室,长剑2,武器,WEAPON 03/2｜LONG SWORD 2,长剑,西欧—中欧,1300-1600,长剑；骑士,盆盔/哥特式/马克西米利安式,高,
龙牌,小工作室,长剑3,武器,WEAPON 03/3｜LONG SWORD 3,长剑,西欧—中欧,1300-1600,长剑；骑士,盆盔/哥特式/马克西米利安式,高,
龙牌,小工作室,长柄斧/戟1,武器,WEAPON 04/1｜POLEAXE & HALBERD 1,Poleaxe,西欧—中欧,1400-1530,poleaxe；板甲；步战,哥特式/米兰式,高,
龙牌,小工作室,长柄斧/戟2,武器,WEAPON 04/2｜POLEAXE & HALBERD 2,Poleaxe,西欧—中欧,1400-1530,poleaxe；板甲；步战,哥特式/米兰式,高,
龙牌,小工作室,长柄斧/戟3,武器,WEAPON 04/3｜POLEAXE & HALBERD 3,戟,德意志—瑞士,1400-1600,戟；步兵,中欧步兵/佣兵,高,
龙牌,小工作室,长柄斧/戟4,武器,WEAPON 04/4｜POLEAXE & HALBERD 4,戟,德意志—瑞士,1400-1600,戟；步兵,中欧步兵/佣兵,高,
龙牌,小工作室,长柄武器1,武器,WEAPON 05/1｜POLEARM 1,长矛,欧亚广泛,0900-1600,长矛；通用,几乎所有步骑兵文化,高,
龙牌,小工作室,长柄武器2,武器,WEAPON 05/2｜POLEARM 2,长矛,欧亚广泛,0900-1600,长矛；通用,几乎所有步骑兵文化,高,
龙牌,小工作室,长柄武器3,武器,WEAPON 05/3｜POLEARM 3,Voulge／Partisan 类长柄武器,西欧,1300-1600,长柄；步兵,15世纪步兵,中,
龙牌,小工作室,长柄武器4,武器,WEAPON 05/4｜POLEARM 4,戟类长柄武器,中欧,1400-1600,戟；步兵,15世纪中欧步兵,中,
龙牌,小工作室,长柄武器2.0-1,武器,WEAPON 06/1｜POLEARM 2.0 1,长矛,欧亚广泛,0900-1600,长矛；通用,几乎所有文化,高,
龙牌,小工作室,长柄武器2.0-2,武器,WEAPON 06/2｜POLEARM 2.0 2,长矛,欧亚广泛,0900-1600,长矛；通用,几乎所有文化,高,
龙牌,小工作室,长柄武器2.0-3,武器,WEAPON 06/3｜POLEARM 2.0 3,长矛,欧亚广泛,0900-1600,长矛；通用,几乎所有文化,高,
龙牌,小工作室,长柄武器2.0-4,武器,WEAPON 06/4｜POLEARM 2.0 4,长柄刃兵,欧洲,1300-1600,长柄；步兵,晚中世纪步兵,中,
龙牌,小工作室,中世纪骑枪1,武器,WEAPON 07/1｜MEDIEVAL LANCE,骑枪,西欧,1200-1600,骑枪；重骑兵；比赛,十字军、米兰式、哥特式骑士,高,彩纹款更偏15–16世纪比赛/礼仪视觉。
龙牌,小工作室,中世纪骑枪2,武器,WEAPON 07/2｜MEDIEVAL LANCE,骑枪,西欧,1200-1600,骑枪；重骑兵；比赛,十字军、米兰式、哥特式骑士,高,彩纹款更偏15–16世纪比赛/礼仪视觉。
龙牌,小工作室,中世纪骑枪3,武器,WEAPON 07/3｜MEDIEVAL LANCE,骑枪,西欧,1200-1600,骑枪；重骑兵；比赛,十字军、米兰式、哥特式骑士,高,彩纹款更偏15–16世纪比赛/礼仪视觉。
龙牌,小工作室,中世纪骑枪4,武器,WEAPON 07/4｜MEDIEVAL LANCE,骑枪,西欧,1200-1600,骑枪；重骑兵；比赛,十字军、米兰式、哥特式骑士,高,彩纹款更偏15–16世纪比赛/礼仪视觉。
龙牌,小工作室,洛汗剑1,武器,WEAPON 08/1｜ROHAN SWORD,幻想风长剑,幻想—托尔金式,0000-0000,Rohan；幻想,奇幻人仔,低,明显为幻想题材。
龙牌,小工作室,洛汗剑2,武器,WEAPON 08/2｜ROHAN SWORD,幻想风长剑,幻想—托尔金式,0000-0000,Rohan；幻想,奇幻人仔,低,明显为幻想题材。
龙牌,小工作室,弯刀1,武器,WEAPON 09/1｜FALCHION SWORD,Falchion,西欧,1200-1500,Falchion；单刃,十字军/中世纪步兵,高,
龙牌,小工作室,弯刀2,武器,WEAPON 09/2｜FALCHION SWORD,Falchion,西欧,1200-1500,Falchion；单刃,十字军/中世纪步兵,高,
龙牌,小工作室,双刃斧1,武器,WEAPON 10/1｜DOUBLE HEADED BATTLE AXE,幻想双刃战斧,幻想—泛中世纪,0000-0000,双刃斧；幻想,奇幻/城堡人仔,低,对称双刃战斧在流行文化中远比历史实战常见。
龙牌,小工作室,双刃斧2,武器,WEAPON 10/2｜DOUBLE HEADED BATTLE AXE,幻想双刃战斧,幻想—泛中世纪,0000-0000,双刃斧；幻想,奇幻/城堡人仔,低,对称双刃战斧在流行文化中远比历史实战常见。
龙牌,小工作室,长柄斧5-1,武器,WEAPON 11/1｜POLEAXE 5,Poleaxe,西欧—中欧,1400-1530,poleaxe；步战,米兰式/哥特式板甲,高,
龙牌,小工作室,长柄斧5-2,武器,WEAPON 11/2｜POLEAXE 5,Poleaxe,西欧—中欧,1400-1530,poleaxe；步战,米兰式/哥特式板甲,高,
龙牌,小工作室,帕维斯盾,盾牌,SHIELD 01｜PAVISE SHIELD,帕维斯盾,中欧—意大利,1300-1500,帕维斯；弩手；步兵,弩手、城市民兵、长枪步兵,高,
龙牌,小工作室,圆盾,盾牌,SHIELD 02｜ROUND SHIELD,圆盾,北欧—东欧—欧亚广泛,0800-1300,圆盾,维京、罗斯、库曼、早期步兵,高,
打铁的尼古拉,小工作室,巨盔（带头巾及翼狮盔饰）,头盔,巨盔（带头巾及翼狮盔饰）,纹章化巨盔,西欧—中欧,1300-1500,巨盔；盔饰；比赛；仪典；纹章,锁甲、coat-of-plates/早期板甲、纹章盾,中高,巨盔本体源自约1250–1400；本件布幔、头巾和巨大翼狮盔饰更适合14–15世纪比赛、仪典或纹章展示语境。
打铁的尼古拉,小工作室,夏雷尔盔（左款）,头盔,夏雷尔盔,萨莱特盔,德意志—中欧,1450-1510,晚期哥特式；萨莱特盔；羽饰,高哥特式板甲、护颏、poleaxe/骑枪,高,“夏雷尔”可理解为德语萨莱特盔的音译；羽饰属艺术化附件，基础盔型方向明确。
打铁的尼古拉,小工作室,夏雷尔盔（右款）,头盔,夏雷尔盔,萨莱特盔,德意志—中欧,1450-1510,晚期哥特式；萨莱特盔；羽饰,高哥特式/约1500过渡板甲,高,同属萨莱特盔造型族；羽饰和局部轮廓按商品化变体处理。
打铁的尼古拉,小工作室,勃艮第壶盔,头盔,勃艮第壶盔,法—勃艮第式战帽,勃艮第—佛兰德—法国北部,1450-1500,法—勃艮第式；战帽；Chapel-de-fer,法—勃艮第板甲、布面甲、华丽罩袍/侍从装备,高,宽檐战帽/壶盔语言与15世纪法—勃艮第视觉资料相符。
打铁的尼古拉,小工作室,翻盖盔,头盔,翻盖盔,早期封闭盔,德意志南部—奥地利—北意大利,1505-1530,早期封闭盔；武装盔；过渡,Schott–Sonnenberg过渡甲、早期马克西米利安式、16世纪初板甲,中高,卖家“翻盖盔”为描述性商品名；结构更接近16世纪初早期封闭盔，不应按14世纪 Klappvisier 盆盔 记录。
打铁的尼古拉,小工作室,焰形大剑,武器,焰形大剑,Flamberge-style Zweihänder,德意志—中欧,1550-1600,Zweihänder；Flamberge；双手剑；国土佣仆；Doppelsöldner,国土佣仆、Doppelsöldner、16世纪德意志/中欧步兵,高,“焰形刃”并非国土佣仆专属；16世纪后半部分实物也兼具卫队/仪仗属性。
打铁的尼古拉,小工作室,凹槽胸甲（含腹甲/甲裙）,甲身,凹槽胸甲,Knechtsharnisch,南德—奥地利,1510-1530,Knechtsharnisch；马克西米利安式；国土佣仆；凹槽,Barett＋Hirnhaube、德式臂甲；长柄武器或早期16世纪剑,高,密集纵向凹槽与圆鼓轮廓符合马克西米利安时代德式甲胄语言；更适合放在 国土佣仆/Knechtsharnisch 语境下理解。
打铁的尼古拉,小工作室,普通灰色臂甲,臂甲,臂甲,16世纪初德式臂甲,德意志—中欧,1510-1530,臂甲,凹槽胸甲、Hirnhaube/早期16世纪头盔,中高,相较膨袖式臂甲更朴素、通用，可用于16世纪初德式板甲或富裕步战角色。
打铁的尼古拉,小工作室,红白膨袖式臂甲,臂甲,臂甲,仿膨袖开缝服饰式臂甲,奥格斯堡等南德甲胄中心,1520-1530,puff-and-slash；costume armour；国土佣仆；膨袖；开缝,Knechtsharnisch、Barett＋Hirnhaube；高级军官/贵族/展示性角色,高,以钢板模仿 国土佣仆 膨袖与开缝服饰的特色甲件；更适合少数高级或展示性人物，不宜全队复制。
打铁的尼古拉,小工作室,大帽＋内层钢盔,头盔,大帽＋内层钢盔,Barett＋Hirnhaube,德意志—中欧,1510-1530,Barett；Hirnhaube；国土佣仆；头盖盔,凹槽胸甲、普通/膨袖式臂甲；长柄武器、双手剑,中高,Barett＋Hirnhaube 的大方向历史依据较强；本件分节侧后防护与长护颊的具体复原结构较特殊，故不把具体细节判为高置信度。
粤睿智达,量产品牌,尖顶开放盔,头盔,N335/N336 套装拆件,开放式盆盔,西欧,1350-1420,盆盔；开放式,锁甲护颈、coat-of-plates/过渡板甲、14世纪骑士/侍从,中高,来自 N335/N336；整套主题不同，但该头盔可作为14世纪西欧通用开放式盆盔使用。
粤睿智达,量产品牌,平顶全覆式头盔,头盔,N337 套装拆件,巨盔,西欧,1250-1350,十字军；巨盔,锁甲、罩袍、骑枪、熨斗盾/筝形盾,中高,N337 整套存在年代混搭；单独拆出的巨盔更适合13世纪后半至14世纪初组合。
粤睿智达,量产品牌,宽檐钢盔,头盔,N338 套装拆件,Kettle Hat／War Hat／Chapel-de-fer,西欧—中欧,1300-1500,锅盔；战帽；步兵,布面甲、锁甲、长矛/弩/长柄武器；尤其适合15世纪步兵,高,形制通用，不宜限定为某一国家或骑士阶层。
粤睿智达,量产品牌,铆钉布面躯干,甲身,N335–N338 套装拆件,布面甲,欧洲,1350-1500,布面甲；铆钉甲,盆盔、锅盔、萨莱特盔；骑士随从、佣兵、步兵,中高,按同模配件族合并记录；不同颜色/纹章不重复建条目。
粤睿智达,量产品牌,泛型板甲躯干,甲身,N335/N337 套装拆件,泛型晚期中世纪板甲躯干,西欧—中欧,1450-1500,板甲；泛型,萨莱特盔、武装盔、锅盔；晚15世纪骑士/重装步战,中,造型较玩具化，不建议硬标为米兰式或哥特式。
粤睿智达,量产品牌,简易双肩甲,肩甲,N336/N338 套装拆件,泛型肩甲,欧洲,1400-1550,肩甲；通用,布面甲、晚期板甲躯干、15世纪步战/骑士,中,按同模配件族合并；该件仅提供通用肩部防护轮廓。
粤睿智达,量产品牌,刺球锤,武器,N335/N338 套装拆件,刺球锤,欧洲,1300-1600,钉头锤；锤；通用,晚中世纪骑士、步兵、佣兵,中,时代辨识度不高；按同模配件族合并。
粤睿智达,量产品牌,单手战斧,武器,N336/N337 套装拆件,单手战斧,欧洲,1300-1500,战斧；单手斧；通用,步兵、骑士随从、佣兵,中高,同模合并记录；形制缺乏更窄的地域指向。
粤睿智达,量产品牌,长柄锤嘴武器,武器,N335/N338 套装拆件,Pollaxe／Pole Hammer,西欧—中欧,1400-1550,Pollaxe；Pole Hammer；板甲步战,晚期板甲骑士、步战武士、佣兵,中高,具体斧刃/锤嘴比例有玩具化处理。
粤睿智达,量产品牌,长柄斧枪,武器,N336/N337 套装拆件,早期戟式长兵器,中欧,1450-1600,戟；步兵,15–16世纪中欧步兵、城市民兵、佣兵,中高,与 pollaxe 分开记录；器首仍属概括化的晚期戟式长兵器。
未标明品牌,量产品牌,条顿骑士长纹章巨盔,头盔,条顿骑士长铁骑拆件,大型盔饰纹章巨盔,德意志骑士团—波罗的海地区,1250-1400,条顿骑士；巨盔；纹章盔饰；纹章,锁甲＋罩袍、骑枪、纹章盾；高级骑士/比赛或展示性人物,中高,巨盔本体可靠；巨大翼状盔饰属于高度纹章化表达，更适合高级人物或展示而非普通骑士统一装备。
未标明品牌,量产品牌,锁甲马铠,马铠/马具,条顿骑士长铁骑拆件,锁甲马铠,西欧—中欧,1200-1400,马铠；锁甲马铠；重骑兵,巨盔时代重骑兵；锁甲骑士＋骑枪，适合十字军/德意志骑士团场景,高,13–14世纪重骑兵马匹防护题材较少见，本件可补足锁甲马铠这一装备层。
未标明品牌,量产品牌,可翻面甲早期封闭盔,头盔,哥特骑士【男素体】拆件,早期封闭盔（可翻面甲）,德意志—中欧,1500-1530,早期封闭盔,德式文艺复兴早期板甲、马克西米利安时代装饰甲、长剑/poleaxe,中高,并非典型15世纪萨莱特盔；整体更适合约1510–1530的德式早期封闭盔语境，面甲结构有明显玩具化。
未标明品牌,量产品牌,德式文艺复兴早期装饰甲身,甲身,哥特骑士【男素体】拆件,德意志文艺复兴早期装饰板甲甲身,德意志南部—奥地利,1510-1530,Costume Armour；装饰板甲,早期封闭盔、早期16世纪德式臂甲；长剑、poleaxe、宫廷/贵族角色,中高,圆鼓胸甲与夸张褶皱/花饰肩部更接近16世纪初服装化、宫廷化甲胄语言；不是1470年代典型高哥特。
VE,量产品牌,面甲盆盔衍生,头盔,VE0108/VE0114 套装拆件,面甲盆盔衍生,西欧—中欧,1375-1450,盆盔；面甲盆盔,锁甲护颈、coat-of-plates、14世纪末—15世纪初过渡甲,中,圆顶盔体配侧轴面甲，接近面甲盆盔语言，但细节较玩具化；不宜当作16世纪成熟封闭盔。
VE,量产品牌,宽檐盔＋颈防,头盔,VE0109/VE0111/VE0112/VE0138/VE0143/VE0145 套装拆件,锅盔／战帽＋锁甲／鳞甲颈防,西欧—中欧,1350-1500,锅盔；战帽；颈防；步兵,锁甲、布面甲、布甲；长矛、弩、长柄武器,中高,大面积甲片/锁甲颈防属于模型化组合，不能据此认定固定历史套型。
VE,量产品牌,锥形鼻护盔＋锁甲护颈,头盔,VE0110/VE0113/VE0115/VE0140 套装拆件,锥形鼻护盔＋锁甲护颈,西欧—北欧—中欧,1050-1250,鼻护盔；锁甲,长锁甲、筝形盾/圆盾、长矛、斧,中高,VE0110整套虽标“Sassanid Archer”，该头盔组合本身更接近中世纪欧洲语言。
VE,量产品牌,分片式鼻护盔＋锁甲护颈,头盔,VE0139/VE0141/VE0142 套装拆件,分片式鼻护盔＋锁甲兜帽,西欧—北欧—中欧,1000-1250,分片盔；鼻护盔；锁甲,锁甲/厚布衣、圆盾或筝形盾、长矛、剑/斧,中高,分片铆接视觉明显，适合普通武装人员、扈从和早期骑士；不宜配晚期板甲。
VE,量产品牌,全覆面盔＋锁甲护颈,头盔,VE0116/VE0118/VE0120/VE0123/VE0144 套装拆件,巨盔—盆盔混合型,西欧,1330-1420,盆盔；巨盔；锁甲护颈；混合型,14世纪过渡甲、coat-of-plates、锁甲；可作为预算型百年战争头盔,中低,圆顶全覆面甲与锁甲护颈混合了盆盔和巨盔的视觉语言；作为历史精确型号不够稳定，但拆件仍有搭配价值。
VE,量产品牌,尖顶巨盔,头盔,VE0117/VE0119/VE0121/VE0122 套装拆件,Sugarloaf Great Helm,西欧,1280-1350,Sugarloaf Great Helm；巨盔,锁甲、罩袍、骑枪、剑、熨斗盾,中高,原套部分晚期板甲/纹章身体与头盔年代并不完全一致。
VE,量产品牌,纹章巨盔,头盔,VE0150/VE0152 套装拆件,纹章化巨盔,西欧,1250-1350,十字军；巨盔；纹章,锁甲、罩袍、剑/骑枪、熨斗盾,中高,这一模具与罩袍、纹章盾的时代感较协调，是VE系列中较实用的盛期中世纪骑士头盔。
VE,量产品牌,凹槽封闭盔,头盔,VE0146 套装拆件,马克西米利安式凹槽封闭盔,德意志—中欧,1510-1530,马克西米利安式；封闭盔；凹槽,凹槽板甲、早期16世纪德式甲、长剑/poleaxe,中高,厂家称“哥特骑士”，但该盔更接近16世纪初德式凹槽封闭盔语言，而非1470–1490年代典型高哥特。
VE,量产品牌,栅格面甲封闭盔,头盔,VE0151/VE0153 套装拆件,栅格面甲封闭盔,西欧—中欧,1570-1620,封闭盔；栅格面甲；比赛,晚16世纪板甲、比赛/仪仗角色、近世早期重骑兵,中高,晚16—17世纪栅格面甲封闭盔有历史依据；本件比例与细节明显玩具化，不宜对应某一具体实物型号，也不宜当作典型中世纪战场盔。
VE,量产品牌,锁甲躯干,甲身,VE0138 套装拆件,锁甲躯干,欧洲,1100-1400,锁甲；通用,鼻护盔、锅盔、巨盔；普通步兵/骑士扈从,中高,形制较通用，可跨多种11–14世纪西欧/中欧角色使用。
VE,量产品牌,民兵/厚布衣躯干族,甲身,VE0139–VE0145 套装拆件,绗缝甲／厚布衣躯干族,西欧—中欧,1100-1500,绗缝甲；厚布衣；民兵；步兵,鼻护盔、锅盔、锁甲颈防；长矛、斧、弩,中,多款身体并非同一精确历史服装；应按具体头盔和角色再收窄年代。
VE,量产品牌,布面板甲躯干,甲身,VE0144 套装拆件,Coat of Plates／早期布面甲躯干,西欧—中欧,1350-1450,Coat of Plates；布面甲,盆盔、锅盔、弩；14世纪末步兵/弩手,中高,身体比原套装头盔更值得拆用；适合百年战争时期步兵、弩手或较富裕随从。
VE,量产品牌,泛型板甲躯干族,甲身,VE0108/VE0116–VE0122 套装拆件,泛型晚期板甲躯干,西欧—中欧,1450-1500,板甲；泛型,萨莱特盔、武装盔、锅盔；晚15世纪骑士/重装步战,中,原套装常与较早巨盔混搭；单独拆出后更适合搭配15世纪后半的头盔。
VE,量产品牌,凹槽板甲躯干,甲身,VE0146 套装拆件,马克西米利安式凹槽板甲躯干,德意志—中欧,1510-1530,马克西米利安式；凹槽板甲,VE0146凹槽封闭盔、早期16世纪德式头盔；长剑/poleaxe,中高,与VE0146头盔组合比厂家“哥特骑士”命名更接近马克西米利安时代。
VE,量产品牌,弩,武器,VE0110/VE0144 套装拆件,十字弓,欧洲,1100-1500,十字弓；弩手；步兵,锅盔、盆盔、布面甲/厚布衣,中高,通用度高；VE0110的“Sassanid Archer”身份不应据此反推弩属于萨珊王朝标准装备。
VE,量产品牌,长柄斧枪,武器,VE0120/VE0138 套装拆件,戟／长柄武器,中欧—西欧,1450-1600,戟；长柄武器；步兵,锅盔、布面甲、晚期板甲；城市民兵/佣兵,中,与 pollaxe 分开记录；器首仍属概括化的晚期戟式长兵器。
VE,量产品牌,长矛,武器,VE0115/VE0143/VE0145 套装拆件,长矛,欧洲,1000-1500,长矛；步兵；民兵；通用,鼻护盔、锅盔、锁甲/厚布衣,中高,具体用作骑枪还是步兵矛，应按杆长和人物身份调整。
ST/T系列,量产品牌,锅盔＋锁甲护颈,头盔,ST3831/ST3833/ST3834｜ST系列套装拆件,锅盔／战帽＋锁甲兜帽,西欧—中欧,1250-1450,锅盔；战帽；锁甲；军士,锁甲、罩袍、厚布衣；军士、城堡守卫、富裕步兵,中高,同系列反复使用的通用头部件，适用年代主要落在13–14世纪。
ST/T系列,量产品牌,分片鼻护盔＋锁甲护颈,头盔,ST3832/ST3835/T3634｜ST/T系列套装拆件,分片式鼻护盔＋锁甲兜帽,西欧—中欧,1100-1300,分片盔；鼻护盔；锁甲,锁甲、罩袍、圆盾/筝形盾、长矛/剑/斧,中高,分片穹顶、鼻护与锁甲护颈的组合适合盛期中世纪；不宜与成熟晚期板甲混搭。
ST/T系列,量产品牌,高锥顶战帽＋锁甲护颈,头盔,ST3836 蝙蝠神罗军拆件,高顶锅盔／战帽＋锁甲颈防,中欧—西欧,1400-1500,战帽；锅盔；步兵,布面甲、锁甲、长柄武器；15世纪步兵/佣兵/守卫,中高,原套整体可信度低于该头部件；头部件可单独按15世纪步战语境使用。
ST/T系列,量产品牌,全身锁甲躯干,甲身,链子甲骑士拆件,全身锁甲躯干,欧洲,1100-1400,锁甲；基础躯干,鼻护盔、锅盔、巨盔；骑士军士、步兵、扈从,高,
ST/T系列,量产品牌,锁甲＋罩袍躯干族,甲身,ST3831–ST3835/T3634｜ST/T系列套装拆件,锁甲＋罩袍躯干族,西欧—中欧,1200-1400,锁甲；罩袍；纹章,巨盔、鼻护盔、锅盔；骑士/军士,中高,阵营/纹章需按具体历史对象重新解释。
ST/T系列,量产品牌,巨盔,头盔,白马布袍骑士拆件,巨盔,西欧,1250-1350,巨盔；纹章骑士,锁甲＋罩袍、骑枪/剑、熨斗盾,高,
GH,量产品牌,巨盔,头盔,GH0253/GH0257｜GH十字军套装拆件,巨盔,西欧—十字军国家,1250-1350,十字军；巨盔,锁甲＋罩袍、骑枪/剑、熨斗盾；适合13世纪后半十字军国家骑士,高,GH0253/0257中的头盔本体历史语言明确；即使GH0257整套因纹章问题不收录，头盔仍可作为高价值拆件。
GH,量产品牌,犬嘴盆盔＋锁甲护颈,头盔,GH0254/GH0258｜GH十字军套装附带头盔,Houndskull Bascinet／Hundsgugel＋aventail,西欧—中欧,1370-1420,犬嘴盆盔；盆盔,14世纪末过渡甲、coat-of-plates、锁甲；英法/德意志骑士,高,零件本身很有用，但与13世纪十字军国家套装身份年代冲突；应拆下用于1370–1420角色。
GH,量产品牌,高顶分片式锅盔,头盔,GH0254/0256/0258/0260｜GH十字军套装拆件,高顶分片式锅盔,西欧—地中海拉丁世界,1200-1500,十字军；锅盔；Chapel-de-fer；步兵,锁甲、罩袍、布面甲；弩手、军士、步兵,中高,造型可覆盖较长时段，具体搭配需按年代和文化语境收窄。
GH,量产品牌,鼻护开放盔＋锁甲护颈,头盔,GH0255/GH0259｜GH十字军套装拆件,鼻护／开放式头盔＋锁甲兜帽,西欧—十字军国家,1150-1300,十字军；鼻护盔；开放式头盔；锁甲,长锁甲、罩袍、十字弓/长矛、圆盾或早期熨斗盾,中高,
GH,量产品牌,锁甲＋罩袍躯干族,甲身,GH0253–GH0260｜GH十字军系列套装拆件,锁甲＋罩袍躯干族,西欧—十字军国家,1150-1300,十字军；锁甲；罩袍,巨盔、鼻护盔、锅盔；骑士、军士、弩手,中高,阵营/纹章需按具体历史对象重新解释。
GH,量产品牌,十字弓,武器,GH0255/GH0259｜GH十字军套装拆件,十字弓,欧洲—地中海世界,1100-1500,十字军；十字弓；弩手；步兵,锁甲/厚布衣、锅盔或开放盔；十字军国家弩手,高,
GH,量产品牌,戟式长兵器,武器,GH0256/GH0260｜GH十字军套装拆件,戟式长兵器,中欧—西欧,1400-1550,戟；长柄武器；步兵,锅盔、布面甲、晚期步兵/佣兵,中高,武器本体可用，但不应与13世纪耶路撒冷/的黎波里身份成套；拆给14–16世纪步兵更合理。
DY_Minifigs,量产品牌,晚哥特式骑士板甲,甲身,DY334 哥特骑兵-银色甲拆件,晚期德意志哥特式板甲,德意志南部—奥地利,1470-1500,晚期哥特式；板甲,萨莱特盔＋护颏最典型；也可保留原过渡型头盔、配骑枪/poleaxe,中高,甲身的修长轮廓、棱脊和尖锐边缘符合晚15世纪德式哥特语言；原头盔略带约1500年前后的过渡感。
DY_Minifigs,量产品牌,哥特式板质马铠,马铠/马具,DY334 哥特骑兵-银色甲拆件,德意志哥特式板质马铠,德意志南部—奥地利,1480-1500,哥特式马铠；马铠；板质马铠,晚15世纪德意志高哥特骑士、萨莱特盔＋护颏、骑枪；适合完整具装骑兵展示,高,多层活动板、凹槽及人字/尖叶边缘与晚15世纪德式哥特式马铠高度相符。
DT系列,量产品牌,有角纹章巨盔,头盔,DT806/DT807 条顿骑士拆件,有角纹章巨盔,德意志骑士团—波罗的海地区,1280-1400,条顿骑士；巨盔；纹章盔饰；角状盔饰,锁甲＋罩袍、骑枪/剑、纹章盾；适合高级骑士、比赛/展示性角色,中高,头盔本体属于巨盔/纹章展示语言；大型角状盔饰不应视为条顿骑士团制式装备。
龙牌,小工作室,半球盔1,头盔,龙牌东罗马套装｜无官方命名｜头盔1,半球盔＋鳞片/锁甲复合护颈,东罗马—巴尔干—安纳托利亚,0950-1100,半球盔；复合护颈；重装骑兵,札甲/鳞甲胸甲、锁甲裙/条片裙甲、鸢形盾、长矛,中高,盔体与护颈的历史语言成立；具体“上鳞片、下锁甲”组合更像综合复原，不对应已确认的单一考古原型。红色盔饰为可选附件，不另建条目。
龙牌,小工作室,半球盔2,头盔,龙牌东罗马套装｜无官方命名｜头盔2,半球盔＋锁甲护颈,东罗马—巴尔干—安纳托利亚,1000-1200,半球盔；锁甲护颈；通用型,札甲/锁甲胸甲、锁甲裙、鸢形盾、长矛,中高,中期东罗马使用半球/圆顶盔与锁甲颈防有充分依据；该件轮廓较通用，也可借用于巴尔干、罗斯等相邻文化。红色盔饰为可选附件，不另建条目。
龙牌,小工作室,弗里吉亚式尖顶盔,头盔,龙牌东罗马套装｜无官方命名｜头盔3,弗里吉亚式尖顶盔,东罗马军队—巴尔干,1175-1200,前弯尖顶；弗里吉亚式；科穆宁时代,札甲/鳞甲胸甲、锁甲裙、鸢形盾、长矛/剑,中高,佩尔尼克与布拉尼切沃的12世纪考古发现提供直接形制参照；其起源存在西欧影响/输入的学术讨论，因此更适合作为东罗马军队—巴尔干使用型，而非宣称为纯粹东罗马原创盔型。
龙牌,小工作室,分片式尖顶盔,头盔,龙牌东罗马套装｜无官方命名｜头盔4,分片式尖顶盔,东罗马—巴尔干／罗斯—草原接触圈,1000-1200,分片结构；尖顶；跨文化；Spangen-type,札甲/锁甲胸甲、锁甲裙、鸢形盾、长矛,中高,分片式尖顶盔的技术语言在东罗马及周边接触圈有依据，但尚未确认该玩具件对应某一件具体出土实物。
龙牌,小工作室,札甲胸甲,甲身,龙牌东罗马套装｜无官方命名｜胸甲1,札甲胸甲／Klibanion式札甲防护,东罗马—巴尔干—安纳托利亚,0900-1200,札甲；Klibanion；重装骑兵,半球盔1/2、弗里吉亚式尖顶盔、条片裙甲/锁甲裙、鸢形盾、长矛,高,中期东罗马军事文献与图像资料均支持札甲/klibanion作为核心重装防护；该件适合表现精锐骑兵或重装步兵。
龙牌,小工作室,锁甲胸甲,甲身,龙牌东罗马套装｜无官方命名｜胸甲2,短身锁甲胸甲／Mail torso armour,东罗马—巴尔干—安纳托利亚,0900-1200,锁甲；通用甲身；重装步兵,半球盔2、分片式尖顶盔、锁甲裙、鸢形盾、长矛/剑,高,锁甲在东罗马及周边长期使用；该件形制较通用，适合作为普通重装兵、骑兵或跨文化混编角色的基础甲身。
龙牌,小工作室,鳞甲胸甲,甲身,龙牌东罗马套装｜无官方命名｜胸甲3,鳞甲胸甲／Scale cuirass,东罗马—巴尔干—安纳托利亚,0900-1200,鳞甲；复合防护；重装步兵,半球盔1/2、锁甲裙/条片裙甲、鸢形盾、长矛,中高,鳞片式防护在东罗马图像与相关军事装备传统中成立；该玩具件为概括化造型，不对应单一标准甲型。
龙牌,小工作室,锁甲裙1,甲身,龙牌东罗马套装｜无官方命名｜裙甲1,长式开衩锁甲裙／Mail skirt,东罗马—巴尔干—安纳托利亚,0900-1200,锁甲；下身防护；开衩,札甲/鳞甲胸甲、半球盔或弗里吉亚式尖顶盔,中高,作为复合甲体系的下身锁甲防护合理；具体长度与开衩方式属于模型化概括，不宜对应单一规范型。
龙牌,小工作室,锁甲裙2,甲身,龙牌东罗马套装｜无官方命名｜裙甲2,短式锁甲腰裙／Short mail skirt,东罗马—巴尔干—安纳托利亚,0900-1200,锁甲；下身防护；短式,札甲/锁甲/鳞甲胸甲、半球盔、鸢形盾,中高,比锁甲裙1更短、更通用，可作为多种复合甲身的下身补充；不视为独立历史制式名称。
龙牌,小工作室,条片裙甲,甲身,龙牌东罗马套装｜无官方命名｜裙甲3,条片式下身防护,东罗马—巴尔干—安纳托利亚,0900-1200,条片；下身防护；复合甲；Kremasmata,札甲/鳞甲胸甲、半球盔1、鸢形盾、长矛,中,纵向条片＋末端铆钉/装饰钉具有中期东罗马复合下身防护的视觉语言，但玩具造型较概括，不硬认作某一种单一考古标准型。
龙牌,小工作室,鸢形盾,盾牌,龙牌东罗马套装｜无官方命名｜盾牌1–6,鸢形／杏仁形盾,东罗马—巴尔干／西欧,1050-1200,鸢形盾；长盾；Kite shield；横带纹；新月星纹；新月纹；星形纹；卷纹；分区配色,东罗马重装骑兵/步兵；半球盔或弗里吉亚式尖顶盔＋札甲/鳞甲,中高,六件同盾形不同纹样版本合并。盾形本身具有11–12世纪历史依据；各款纹样与配色均按厂家装饰方案处理，不据此判定特定部队或纹章。
